Codigo_Item,Grupo_Item,Nome_Item,Desc_Item,Categoria_Item,Espacos_Itens,Dt_Item,Fonte_Item
1,Acessórios,Kit de Perícia,"Um conjunto de ferramentas necessárias para algumas perícias ou usos de perícias. Sem o kit, você sofre –5 no teste. Existe um kit de perícia para cada perícia que exige este item.",0,1,,OPRPG
2,Acessórios,Utensílio,"Um item comum que tenha uma utilidade específica, como um canivete, uma lupa, um smartphone ou um notebook. Um utensílio fornece +2 em uma perícia (exceto Luta e Pontaria). Por exemplo, um smartphone pode ser usado para acessar a internet e fornecer bônus em Ciências, enquanto um notebook pode ser preparado para invadir sistemas e fornecer bônus em Tecnologia. Você pode inventar itens menos realistas, como um “detector de mentiras portátil” que fornece +2 em Intuição, mas o mestre tem a palavra final se o utensílio é apropriado ou não. Utensílios sempre ocupam 1 espaço e precisam ser empunhados para que o bônus seja aplicado.",I,1,,OPRPG
3,Acessórios,Vestimenta,"Uma peça de vestuário que fornece +2 em uma perícia (exceto Luta ou Pontaria). Por exemplo, um par de botas militares pode fornecer +2 em Atletismo, um terno ou vestido elegante pode fornecer +2 em Diplomacia e um manto com glifos pode fornecer +2 em Ocultismo. Assim como utensílios, o benefício de cada vestimenta deve ser aprovado pelo mestre. Você pode receber os bônus de no máximo duas vestimentas ao mesmo tempo. Vestir ou despir uma vestimenta é uma ação completa.",I,1,,OPRPG
4,Acessórios,Amuleto Sagrado,"Um utensílio especial na forma de shimenawa, rosário, fio de contas, contas de oração ou qualquer outro objeto que reforce sua fé e ajude a blindá-lo das desgraças do dia a dia. Ocupa o espaço de um item vestido e fornece +2 em Religião e Vontade.",0,1,,SaH
5,Acessórios,Celular,"Um utensílio especial (embora comum hoje em dia). Serve para tirar fotos, gravar áudios e vídeos, acessar a internet e até, veja só, ligar para outras pessoas. Se tiver acesso a internet, fornece +2 em testes de perícia que envolvam adquirir informações. Por fim, possui uma lanterna fraca, mas útil na falta de um equipamento melhor, que ilumina em um cone de 4,5m.",0,1,,SaH
6,Acessórios,Chave de Fenda Universal,"Esta ferramenta pode ser considerada um milagre da engenharia humana. Com ela em mãos, você é capaz de resolver quase qualquer problema. Fornece +2 em testes de perícia para criar ou reparar objetos, desde panelas de cozinha até motores de avião. Também fornece o bônus se usada como item de apoio em situações especiais, como lidar com cabos para hackear um servidor",0,1,,SaH
7,Acessórios,Chaves,"Molhos de chaves (de casa, veículo, cadeados etc.) são itens comuns. Usar o barulho de um molho de chaves para distrair alguém (jogando as chaves, por exemplo) fornece +2 em testes de Furtividade feitos na mesma rodada.",0,1,,SaH
8,Acessórios,Documentos Falsos,"Um conjunto de documentos (identidade funcional, carteira de habilitação, cartões de crédito etc.) em nome de uma identidade falsa. Você recebe +2 em testes de Diplomacia, Enganação e Intimidação para se passar pela pessoa representada pelos documentos.",I,1,,SaH
9,Acessórios,Manual Operacional,"Um livro com lições práticas sobre um assunto. Existe um manual operacional para cada perícia; gastar uma ação de interlúdio lendo um manual permite que você use essa perícia como se fosse treinado nela até o próximo interlúdio. Um manual operacional aprimorado (veja OPRPG, p. 64) também fornece +5 na perícia.Você só pode receber o benefício de um manual operacional por vez.",I,1,,SaH
10,Acessórios,Notebook,"Um utensílio especial. Como um celular, se tiver acesso a internet fornece +2 em testes de perícia que envolvem adquirir informações. Além disso, por sua tela maior, pode ser usado para entretenimento de forma mais agradável; ao relaxar em cenas de interlúdio, você recupera 1 ponto adicional de Sanidade. A luz do monitor ilumina em um cone de 4,5m. Tablets estão inclusos como uma variação de notebook.",0,2,,SaH
11,Acessórios,Câmera Filmadora,"Uma filmadora antiga que pode capturar aquilo que os nossos olhos, muitas vezes, acabam deixando passar. Este utensílio fornece +2 em testes de Investigação e Percepção, além de poder ser usado como lanterna (ilumina um cone de 9m) ou na função de visão noturna de fósforo verde (funciona como Visão no Escuro, OPRPG, p. 180).",0,1,,AS
12,Acessórios,Skate,"Uma tábua de madeira fina e resistente acoplada com rodas. Enquanto estiver usando o skate, você pode fazer a ação Corrida usando Acrobacias no lugar de Atletismo. Você não pode usar um skate em terreno difícil.",0,2,,Homebrew
13,Explosivos,Granada de Atordoamento,"Para usar uma granada, você precisa empunhá-la e então gastar uma ação padrão para arremessá-la em um ponto à sua escolha em alcance médio. A granada afeta um raio de 6m a partir do ponto de impacto. O efeito que ela causa varia conforme o tipo de granada.

Também chamadas de _flash_-bang, por criarem um estouro barulhento e luminoso. Seres na área ficam atordoados por 1 rodada (Fortitude DT Agi reduz para ofuscado e surdo por uma rodada).",0,1,"Fortitude, AGI",OPRPG
14,Explosivos,Granada de Fragmentação,"Para usar uma granada, você precisa empunhá-la e então gastar uma ação padrão para arremessá-la em um ponto à sua escolha em alcance médio. A granada afeta um raio de 6m a partir do ponto de impacto. O efeito que ela causa varia conforme o tipo de granada.

Espalha fragmentos perfurantes. Seres na área sofrem 8d6 pontos de dano de perfuração (Reflexos DT Agi reduz à metade).",I,1,"Reflexos, AGI",OPRPG
15,Explosivos,Granada de Fumaça,"Para usar uma granada, você precisa empunhá-la e então gastar uma ação padrão para arremessá-la em um ponto à sua escolha em alcance médio. A granada afeta um raio de 6m a partir do ponto de impacto. O efeito que ela causa varia conforme o tipo de granada.

Produz uma fumaça espessa e escura. Seres na área ficam cegos e sob camuflagem total. A fumaça dura 2 rodadas.",0,1,,OPRPG
16,Explosivos,Granada Incendiária,Espalha labaredas incandescentes. Seres na área sofrem 6d6 pontos de dano de fogo e ficam em chamas (Reflexos DT Agi reduz o dano à metade e evita a condição em chamas).,I,1,"Reflexos, AGI",OPRPG
17,Explosivos,Mina Antipessoal,"Esta mina é ativada por controle remoto. Se você estiver a até alcance longo dela, pode gastar uma ação padrão para detoná-la. Ao explodir, a mina dispara centenas de bolas de aço em um cone de 6m, causando 12d6 pontos de dano de perfuração em todos os seres na área (Reflexos DT Int reduz à metade). Você define a direção do cone quando posiciona a mina no chão. Instalar a mina exige uma ação completa e um teste de Tática contra DT 15. Caso falhe, você gasta a mina, mas não ela não funciona. Encontrar uma mina instalada exige um teste de Percepção (DT igual ao resultado do seu teste para instalá-la).",I,1,"Reflexos, INT",OPRPG
18,Explosivos,Dinamite,"Dinamite é um artefato explosivo à base de nitroglicerina, ajeitado em um bastão com 20 cm de comprimento. Com a mesma ação padrão é possível acender seu pavio com uma das mãos e arremessá-la com a outra em um ponto à sua escolha em alcance médio. A dinamite afeta um raio de 6m a partir do ponto de impacto; seres e objetos soltos na área sofrem 4d6 pontos de dano de impacto e 4d6 pontos de dano de fogo e ficam em chamas (Reflexos DT Agi reduz à metade e evita condição em chamas).",I,1,"Reflexos, AGI",SaH
19,Explosivos,Explosivo Plástico,"Essa massa adesiva do tamanho de uma esponja é acompanhada de pinos de ignição e um detonador remoto. Para utilizá-la, você precisa gastar duas rodadas para preparar os pinos e grudar o explosivo em uma superf ície. Por
 im, você pode detonar o explosivo acionando um detonador (uma ação livre que pode ser feita de alcance longo) ou causando pelo menos 1 ponto de dano de fogo ou eletricidade nele. Quando detonado, o explosivo plástico causa 16d6 pontos de dano de impacto em todos os seres e objetos em um raio de 3m (Reflexos DT Int reduz à metade). Se usado por um especialista em explosivos (alguém treinado em Crime ou uma Profissão adequada, a critério do mestre), causa o dobro de dano em objetos e estruturas e ignora sua RD.",I,1,"Reflexos, INT",SaH
20,Explosivos,Galão Vermelho,"Galões vermelhos, ou marcados com um símbolo de chama, carregam substâncias inflamáveis. Apesar de serem mais frequentes em ambientes industriais, também são encontrados em ambientes inusitados quando menos se espera. Ao sofrer dano de fogo ou balístico, um galão vermelho explode, atingindo uma esfera de 6m de raio. Seres na área sofrem 12d6 pontos de dano de fogo e ficam em chamas (Reflexos DT 25 reduz à metade e evita a condição). A área afetada pelo raio da explosão fica em chamas (1d6 pontos de dano de fogo por rodada em seres e objetos) até ser apagada ou a cena acabar. Veja mais sobre as consequências de um galão vermelho em Fogo e Fumaça (OPRPG, p. 292).",0,2,"Reflexos, 25",SaH
21,Explosivos,Granada de Gás Sonífero,"Esta granada libera uma fumaça branca que preenche um raio de 6m a partir do ponto de impacto. Seres que comecem seus turnos na área ficam inconscientes e caídos ou, se estiverem envolvidos em atividade física intensa (como combate), ficam exaustos por 1 rodada, depois fatigados (em ambos os casos, Fortitude DT Agi reduz para fatigado por 1d4 rodadas). O gás permanece na área por 2 rodadas.",I,1,"Fortitude, AGI",SaH
22,Explosivos,Granada de PEM.,"Esta granada emite um poderoso pulso eletromagnético que desativa todos os equipamentos elétricos em um raio de 18m até o fim da cena. Criaturas de Energia na área sofrem 6d6 pontos de dano de impacto e ficam atordoadas por 1 rodada (apenas uma vez por cena, Fortitude DT Agi reduz à metade e evita a condição).",I,1,"Fortitude, AGI",SaH
23,Explosivos,"Granada de Gás Lacrimogêneo","Uma granada que libera uma nuvem química que provoca ardência, irritação e sufocamento. Seres em um raio de 6m a partir do ponto de impacto sofrem 4d6 pontos de dano químico, ficam enjoados e têm dificuldade de respirar (OPRPG, p. 293). Após deixarem a área de efeito, continuam com dificuldade de respirar por 1d4 rodadas e ainda ficam enjoados até o fim da cena (Fortitude DT Agi reduz o dano à metade e evita a condição enjoado).",I,1,"Fortitude, AGI",AS
24,Explosivos,Granada de Tinta,"Uma granada caseira que espalha tintas coloridas e fosforescentes pelo ambiente, marcando os alvos e os tornando mais visíveis. Seres em um raio de 6m a partir do ponto de impacto ficam vulneráveis e sofrem –2d20 em Furtividade até o fim da cena (Reflexos DT Agi evita condição).",0,1,"Reflexos, AGI",AS
25,Itens Operacionais,Algemas,"Um par de algemas de aço. Para prender uma pessoa que não esteja indefesa você precisa empunhar a algema, agarrar a pessoa (veja “Manobras de Combate”, OPRPG, Capítulo 4) e então vencer um novo teste de agarrar contra ela. Você pode prender os dois pulsos da pessoa (-5 em testes que exijam o uso das mãos, impede conjuração) ou um dos pulsos dela em um objeto imóvel adjacente, caso haja, para impedir que ela se mova. Escapar das algemas exige um teste de Acrobacia contra DT 30 (ou ter as chaves...).",0,1,"Acrobacia, 30",OPRPG
26,Itens Operacionais,Arpéu,"Um gancho de aço amarrado na ponta de uma corda para se fixar em muros, janelas, parapeitos de prédios... Prender um arpéu exige um teste de Pontaria (DT 15). Subir um muro com a ajuda de uma corda fornece +5 no teste de Atletismo.",0,1,"Pontaria, 15",OPRPG
27,Itens Operacionais,Bandoleira,"Um cinto com bolsos e alças. Uma vez por rodada, você pode sacar ou guardar um item em seu inventário como uma ação livre. ",I,1,,OPRPG
28,Itens Operacionais,Binóculos,Estes binóculos militares fornecem +5 em testes de Percepção para observar coisas distantes.,0,1,,OPRPG
29,Itens Operacionais,Bloqueador de Sinal,"Este dispositivo compacto emite ondas que “poluem” a frequência de rádio usada por celulares, impedindo que qualquer aparelho desse tipo em alcance médio se conecte.",I,1,,OPRPG
30,Medicamento,Cicatrizante,Um spray contendo um remédio com potente efeito cicatrizante. Você pode gastar uma ação padrão e este item para curar 2d8+2 PV em você ou em um ser adjacente.,I,1,,OPRPG
31,Itens Operacionais,Corda,"Um rolo com 10 metros de corda resistente. Possui diversas utilidades: pode ajudar a descer um buraco ou prédio (+5 em testes de Atletismo nessas situações), amarrar pessoas inconscientes etc.",0,1,,OPRPG
32,Itens Operacionais,Equipamento de Sobrevivência,"Uma mochila com saco de dormir, panelas, GPS e outros itens úteis para sobreviver no mato. Fornece +5 em testes de Sobrevivência para acampar e orientar-se e permite que você faça esses testes sem treinamento.",0,2,,OPRPG
33,Itens Operacionais,Lanterna Tática,"Ilumina lugares escuros. Além disso, você pode gastar uma ação de movimento para mirar a luz nos olhos de um ser em alcance curto. Ele fica ofuscado por 1 rodada, mas imune à lanterna pelo resto da cena.",I,1,,OPRPG
34,Itens Operacionais,Máscara de gás,Uma máscara com filtro que cobre o rosto inteiro. Fornece +10 em testes de Fortitude contra efeitos que dependam de respiração.,0,1,,OPRPG
35,Itens Operacionais,Mochila Militar,Uma mochila leve e de alta qualidade. Ela não usa nenhum espaço e aumenta sua capacidade de carga em 2 espaços.,I,-2,,OPRPG
36,Itens Operacionais,Óculos de Visão Térmica,Estes óculos eliminam a penalidade em testes por camuflagem,I,1,,OPRPG
37,Itens Operacionais,Pé de cabra,Esta barra de ferro fornece +5 em testes de Força para arrombar portas. Pode ser usada em combate como um bastão.,0,1,,OPRPG
38,Itens Operacionais,Pistola de Dardos,"Esta arma dispara dardos com um poderoso sonífero. Para disparar em um ser, faça um ataque à distância contra ele. Se acertá-lo, ele fica inconsciente até o fim da cena (Fortitude DT Agi reduz para desprevenida e lenta por uma rodada). A pistola vem com 2 dardos. Uma caixa adicional com 2 dardos é um item de categoria 0 que ocupa 1 espaço.",I,1,"Fortitude, AGI",OPRPG
39,Itens Operacionais,Pistola Sinalizadora,"Esta pistola dispara um sinalizador luminoso, útil para chamar outras pessoas para sua localização. Pode ser usada como uma arma de disparo leve com alcance curto que causa 2d6 pontos de dano de fogo. A pistola vem com 2 cargas. Uma caixa adicional com 2 cargas é um item de categoria 0 que ocupa 1 espaço.",0,1,,OPRPG
40,Itens Operacionais,Soqueira,Esta peça de metal e usada entre os dedos e permite socos mais perigosos — fornece +1 em rolagens de dano desarmado. Uma soqueira pode receber modificações e maldições de armas corpo a corpo e aplica os efeitos delas em seus ataques desarmados.,0,1,,OPRPG
41,Itens Operacionais,Spray de Pimenta,Este spray dispara um composto químico que causa dor e lacrimejo. Você pode gastar uma ação padrão para atingir um ser adjacente. O ser fica cego por 1d4 rodadas (Fortitude DT Agi evita). A carga do spray dura dois usos.,I,1,"Fortitude, AGI",OPRPG
42,Itens Operacionais,Taser,Um dispositivo de eletrochoque capaz de atordoar ou até incapacitar um alvo. Você pode gastar uma ação padrão para atingir um ser adjacente. O alvo sofre 1d6 pontos de dano de eletricidade e fica atordoado por uma rodada (Fortitude DT Agi evita). A bateria do taser dura dois usos.,I,1,"Fortitude, AGI",OPRPG
43,Itens Operacionais,Traje Hazmat,"Uma roupa impermeável e que cobre o corpo inteiro, usada para impedir o contato do usuário com materiais tóxicos. Fornece +5 em testes de resistência contra efeitos ambientais e resistência a químico 10.",I,2,,OPRPG
44,Itens Operacionais,Alarme de Movimento,"Este pequeno objeto de fácil aquisição pode ser controlado por um dispositivo móvel específico ou um aplicativo de celular. Você pode gastar uma ação completa para posicionar e ativar o alarme; após isso, sempre que houver movimento significativo em um cone de 30m para onde ele foi apontado, ele irá sinalizar o dispositivo de controle. Ao acionar o alarme você pode regular sua sensibilidade ao movimento (como padrão, ele é acionado sempre que um ser Pequeno ou maior se move na área). A sinalização pode ser discreta, apenas no dispositivo, ou barulhenta, acionando um alarme sonoro alto e agudo.",0,1,,SaH
45,Itens Operacionais,Alimento Energético,Existem diversos alimentos e suplementos de alta tecnologia capazes de recuperar as energias mentais de um agente. Você pode gastar uma ação padrão para consumir este item e recuperar 1d4 PE.,II,1,,SaH
46,Itens Operacionais,Aplicador de Medicamentos,"Essa adaptação portátil de bombas injetoras hospitalares pode ser presa ao redor do braço ou perna para aplicar uma substância, como um cicatrizante ou medicamento, com uma ação de movimento. O aplicador tem espaço para três doses de substâncias (já contabilizadas no espaço do item). Carregar uma dose de uma substância no aplicador é uma ação padrão.",I,1,,SaH
47,Itens Operacionais,Braçadeira Reforçada,"Semelhante às proteções usadas em artes marciais e outros esportes de contato, estas braçadeiras ajudam a absorver o impacto ao bloquear golpes com o braço. Elas aumentam em +2 a RD que você recebe por usar um bloqueio.",I,1,,SaH
48,Itens Operacionais,Coldre Saque Rápido,"Este coldre é projetado para que a arma possa ser sacada ou armazenada com um movimento mínimo. Uma vez por rodada, você pode sacar ou guardar uma arma de fogo leve como uma ação livre.",I,1,,SaH
49,Itens Operacionais,Equipamento de Escuta,"Este conjunto contém um receptor, com alcance de 90m, e três minúsculos transmissores capazes de captar conversas e outros sons em um raio de 9m. Instalar um transmissor demora alguns minutos e exige um teste de Crime contra DT 20 (uma falha indica que a escuta não irá transmitir). O resultado desse teste é também a DT para outras pessoas encontrarem o transmissor. É possível instalar um transmissor discretamente com outras pessoas presentes; fazer isso é uma ação completa, requer um teste de Furtividade oposto à Percepção dos presentes e aumenta a DT do teste de Crime em +5.",I,1,"Crime, 20",SaH
50,Itens Operacionais,Estrepes,"Uma ferramenta medieval cuja utilidade a manteve ativa até os dias de hoje, um estrepe é uma peça de metal com quatro pontas afiadas, construída de modo que uma ponta sempre fique voltada para cima. Usar um saco de estrepes em combate exige uma ação padrão para cobrir um quadrado de 1,5m de lado. Um ser que pise numa área coberta de estrepes sofre 1d4 pontos de dano de perfuração e fica lento por um dia. Em uma cena de perseguição, você pode aplicar os estrepes como parte de sua ação, mas sofre -1d20 em seu teste nessa rodada. Um perseguidor que pise nos estrepes sofre -1d20 em testes de perseguição até o fim da cena. Tanto em combate quanto em perseguição, passar em um teste de Reflexos (DT Agi) evita os estrepes. Os estrepes não afetam seres capazes de resistir a todo o seu dano.",0,1,"Reflexos, AGI",SaH
51,Itens Operacionais,Faixa de Pregos,"Este aparato compacto é uma trilha de hastes metálicas sanfonadas com pregos em toda sua extensão. Utilizado primariamente para parar veículos, pode ser empregado contra outros oponentes. Uma faixa de pregos funciona como estrepes, exceto que ocupa uma linha de 9m. Além disso, veículos com pneus de borracha que passem pela faixa têm seus pneus automaticamente perfurados, o que reduz seu deslocamento pela metade. ",I,2,,SaH
52,Itens Operacionais,Isqueiro,"Existem isqueiros de vários tipos, desde os sofisticados de metal até os descartáveis de plástico. Todos seguem o mesmo princípio; você pode gastar uma ação de movimento para produzir uma pequena chama. Além de incendiar objetos inflamáveis, emite luz em um raio de 3m.",0,"0,5",,SaH
53,Itens Operacionais,Óculos Escuros,Um personagem vestindo óculos escuros não pode ser ofuscado.,0,1,,SaH
54,Itens Operacionais,Óculos de Visão Noturna,"Alimentados por uma bateria, estes óculos permitem enxergar no escuro, como se o personagem tivesse visão no escuro. Entretanto, o usuário recebe -1d20 em testes de resistência contra a condição ofuscado e efeitos baseados em luz
(como uma granada de atordoamento).",I,1,,SaH
55,Itens Operacionais,Pá,Esta pesada ferramenta fornece +5 em testes de Força para cavar buracos e mover detritos. Pode ser usada em combate como um bastão.,0,2,,SaH
56,Itens Operacionais,Paraquedas,"Anula o dano de queda. Personagens com grau de treinamento veterano em Acrobacia, Pilotagem, Reflexos, Tática ou uma Profissão específica sabem usar paraquedas. Caso contrário, ou em quedas muito curtas, usar o paraquedas requer um teste de Reflexos (DT 20). Se falhar, o paraquedas não funciona adequadamente, reduzindo o dano de queda apenas à metade.",I,2,"Reflexos, 20",SaH
57,Itens Operacionais,Traje de Mergulho,"Uma roupa impermeável e que cobre quase o corpo inteiro, usada para garantir a segurança do mergulhador debaixo d’água. Vem acompanhado de tanque e máscara que garantem 1 hora de oxigênio. Fornece +5 em testes de resistência contra efeitos ambientais e resistência a dano químico 5. Ocupa o espaço de uma vestimenta e vesti-lo ou despi-lo é uma ação completa.",I,2,,SaH
58,Itens Operacionais,Traje Espacial,"Uma roupa impermeável e que cobre o corpo inteiro, usada para garantir a segurança do astronauta no vácuo do espaço. Possui um suprimento de água e oxigênio de oito horas, e protege contra os raios cósmicos e de minúsculas rochas errantes no espaço. Fornece +10 em testes de resistência contra efeitos ambientais e resistência a dano químico 20. Ocupa o espaço de uma vestimenta e vesti-lo, ou despi-lo, demora duas rodadas.",II,5,,SaH
59,Itens Operacionais,Bloody Mary Batizada,"Uma versão especial da bebida Bloody Mary, preparada com “carinho” para expurgar todas as mazelas de um corpo. Se beber, você se livra de uma condição mental e/ou de medo que o esteja afetando. Porém, sofre 2d4 pontos de dano mental.",II,1,,SaH
60,Itens Operacionais,Paçoca,"Uma iguaria típica brasileira, muito popular nas festas juninas. Este delicioso doce é feito à base de amendoim torrado e moído, açúcar e farinha de mandioca. Dizem que é impossível comer uma só. A paçoca conta como um prato rápido (OPRPG, p. 93), mas em ocasiões especiais, à critério do mestre, a paçoca pode surpreender: uma vez por dia, ao comer ela, o personagem recupera 1d8+1 PV, PE e SAN.",0,"0,5",,SaH
61,Medicamento,Aplicador de Adrenalina,"Uma caneta aplicadora pronta para injetar uma alta carga de epinefrina. Você pode gastar uma ação padrão e este item para injetar a epinefrina em você ou em um ser adjacente. O item fornece 2d8+2 PV temporários, +3m de deslocamento e +2 em testes baseados em Força, Agilidade e Vigor até o fim da cena. Quando o efeito acaba, o ser sofre um rebote (fica fatigado por uma cena). Este item conta como um medicamento (SaH, p. 43).",I,1,,AS
62,Medicamento,Antibiótico,"Além de cicatrizantes, existem outros medicamentos que podem ajudar os agentes. Você pode gastar uma ação padrão e o medicamento para aplicar seus efeitos em você ou em um ser adjacente.

Fortalece a imunidade contra vírus e bactérias. Fornece +5 no próximo teste de Fortitude contra efeitos de uma doença feito até o fim do dia.",I,"0,5",,SaH
63,Medicamento,Antídoto,"Além de cicatrizantes, existem outros medicamentos que podem ajudar os agentes. Você pode gastar uma ação padrão e o medicamento para aplicar seus efeitos em você ou em um ser adjacente.

Ajuda o corpo a lidar com venenos. Fornece +5 no próximo teste de Fortitude contra efeitos de um veneno até o fim do dia. Um antídoto feito para um veneno específico, em vez disso, remove completamente o veneno.",I,"0,5",,SaH
64,Medicamento,Antiemético,"Além de cicatrizantes, existem outros medicamentos que podem ajudar os agentes. Você pode gastar uma ação padrão e o medicamento para aplicar seus efeitos em você ou em um ser adjacente.

Remove a condição enjoado e fornece +5 em testes para evitar essa condição até o fim da cena. A critério do mestre, pode funcionar contra outras condições causadas por náuseas e vômitos.",I,"0,5",,SaH
65,Medicamento,Antihistamínico,"Além de cicatrizantes, existem outros medicamentos que podem ajudar os agentes. Você pode gastar uma ação padrão e o medicamento para aplicar seus efeitos em você ou em um ser adjacente.

Reduz reações alérgicas perigosas. Fornece +5 no próximo teste contra efeitos de uma alergia feito até o fim do dia.",I,"0,5",,SaH
66,Medicamento,Anti-inflamatório,"Reduz reações inflamatórias, diminuindo dor e inchaço. Fornece 1d8+2 PV temporários.",I,"0,5",,SaH
67,Medicamento,Antitérmico,"Reduz reações febris perigosas e alivia dores de cabeça, permitindo um novo teste contra uma condição mental que o usuário esteja sofrendo. Só funciona uma vez por cena.",I,"0,5",,SaH
68,Medicamento,Broncodilatador,Auxilia na respiração. Fornece +5 em testes para evitar as condições asfixiado ou fatigado feitos até o fim do dia.,I,"0,5",,SaH
69,Medicamento,Coagulante,"Aumenta a capacidade de coagulação, fornecendo +5 em testes para se estabilizar da condição sangrando feitos até o fim do dia. Se usado em conjunto com um teste de Medicina para remover a condição morrendo, também fornece +5 nesse teste.",I,"0,5",,SaH
70,Itens Paranormais,Amarras de (Elemento),"Cordas ou correntes feitas de um elemento paranormal específico. As amarras são preparadas para imobilizar criaturas do Outro Lado que sejam vulneráveis ao elemento que as compõem e podem ser usadas de duas formas.
*Armadilha.* Você gasta as amarras, uma ação completa e 2 PE e prepara uma armadilha de 3x3m. Uma criatura que atravesse o espaço pela primeira vez em seu turno precisa fazer um teste de de Reflexos (DT Int); se falhar, fica imóvel até o final da cena. Mesmo se passar, considera o espaço ocupado pela armadilha como terreno difícil.
*Laçar.* Você gasta uma ação padrão e 1 PE e escolhe uma criatura em alcance curto. Se falhar num teste de Vontade (DT Agi), a criatura fica paralisada até o início de seu próximo turno, quando pode repetir o teste. Manter a criatura enlaçada requer o gasto de 1 PE por rodada.",II,1,"Reflexos, INT/ Vontade, AGI",OPRPG
71,Itens Paranormais,Câmera de Aura Paranormal,Esta câmera amaldiçoada com Energia possui sigilos de Conhecimento para capturar auras paranormais. Tirar uma foto gasta uma ação padrão e 1 PE. As fotos são instantâneas e revelam a presença de auras paranormais em pessoas e objetos. As auras são da cor associada ao elemento.,II,1,,OPRPG
72,Itens Paranormais,Componentes Ritualísticos de (Elemento),"Um conjunto de objetos utilizados em rituais de um elemento entre Sangue, Morte, Conhecimento ou Energia (não existem componentes ritualísticos de Medo). Componentes ritualísticos são necessários para a conjuração de rituais do elemento em questão.

*Energia:* eletricidade, dispositivos tecnológicos (celulares, computadores etc.), circuitos eletrônicos, fontes de calor e luz, pilhas, baterias, cabos de cobre e prata, pólvora, moedas, dados, ímãs...
*Sangue:* órgãos, carne, sangue, animais vivos (para
sacrifício), navalhas, agulhas, arame farpado, correntes, metal enferrujado, fluídos corporais...
*Morte:* ossos, dentes, cinzas, fios de cabelo, cristais pretos, relógios, galhos secos, folhas secas,
plantas mortas, raízes, areia, poeira, Lodo...
*Conhecimento:* escrituras, papéis, livros, pergaminhos, pedras preciosas, ouro, cordas, tecido,
cristais brancos, vidro, máscaras, instumentos de escrita (lápis, caneta, tinta, giz etc.)...",0,1,,OPRPG
73,Itens Paranormais,Emissor de Pulsos Paranormais,"Esta pequena caixa coberta de sigilos foi desenvolvida para servir como uma “isca” de criaturas paranormais. Ativar a caixa gasta uma ação completa e 1 PE. A caixa emite um pulso de um elemento definido pelo ativador, que atrai criaturas do mesmo elemento e afasta criaturas do elemento oposto. As criaturas afetadas têm direito a um teste de Vontade (DT Pre) para evitar o efeito.",II,1,"Vontade, PRE",OPRPG
74,Itens Paranormais,Escuta de Ruídos Paranormais,"Este microfone funciona como um aparato espião, com a diferença que consegue captar ruídos paranormais. Ativar a escuta gasta uma ação completa e 2 PE e faz com que ela grave ruídos por até 24 horas. Ouvir a escuta fornece +5 em testes de Ocultismo para identificar criatura.",II,1,,OPRPG
75,Itens Paranormais,Medidor de Estabilidade da Membrana,"Um dispositivo complexo, composto por diversos medidores — de temperatura, campo magnético, dilatação temporal... Um agente treinado em Ocultismo pode usar o medidor para avaliar o estado da Membrana em uma área (veja OPRPG, página 97), o que indica a chance de uma entidade se manifestar nela. Um ambiente com valores racionais e constantes ao longo de algumas horas dificilmente originará uma criatura ou manifestação perigosa. Porém, se as leituras apresentarem dados inexplicáveis ou com grandes variações, o lugar poderá conter uma entidade. Apesar de ser um bom indicativo, o medidor não fornece respostas definitivas, já que um ambiente com a Membrana danificada ainda pode não ter sido afetado por manifestações, assim como um lugar com a Membrana protegida por conter uma criatura poderosa vinda de outro lugar.",II,1,,OPRPG
76,Itens Paranormais,Scanner de Manifestação Paranormal de (Elemento),"Este item é composto por um dispositivo conectado a pequenos objetos amaldiçoados de uma entidade específica e adornado com uma série de sigilos. Ativar o scanner é uma ação padrão. Quando ativado, o scanner consome 1 PE por rodada do usuário, que sempre sabe a direção de todas as manifestações paranormais ativas (rituais, criaturas, itens amaldiçoados etc.) do elemento escolhido em alcance longo. Se o elemento principal de uma criatura for outro, mas ela tiver como complemento o elemento escolhido do scanner, também será detectada.",II,1,,OPRPG
77,Itens Paranormais,Catalisador Ritualístico Ampliador,"Componentes ritualísticos que já foram alterados através de exposição paranormal e por isso são mais eficientes. Ao contrário de componentes comuns, um catalisador é consumido ao ser usado. Existem diversos tipos de catalisadores, uma para cada elemento. Você precisa estar empunhando um catalisador para usá-lo e só pode usar um catalisador por ritual. Por sua natureza, catalisadores não podem ser improvisados, como pela habilidade Improvisar Componentes, mas ainda podem ser fabricados em campo (veja p. 94).

*Ampliador:* Aumenta o alcance do ritual em um passo (apenas de curto para médio, de médio para longo ou de longo para extremo) ou dobra a área de efeito. Por exemplo, uma Dissonância Acústica ampliada tem seu alcance aumentado para longo ou sua área aumentada para 12m de raio.",I,"0,5",,SaH
78,Itens Paranormais,Catalisador Ritualístico Perturbador,"Componentes ritualísticos que já foram alterados através de exposição paranormal e por isso são mais eficientes. Ao contrário de componentes comuns, um catalisador é consumido ao ser usado. Existem diversos tipos de catalisadores, uma para cada elemento. Você precisa estar empunhando um catalisador para usá-lo e só pode usar um catalisador por ritual. Por sua natureza, catalisadores não podem ser improvisados, como pela habilidade Improvisar Componentes, mas ainda podem ser fabricados em campo (veja p. 94).

*Perturbador:* A DT para resistir ao ritual aumenta em +2.",I,"0,5",,SaH
79,Itens Paranormais,Catalisador Ritualístico Potencializador,"Componentes ritualísticos que já foram alterados através de exposição paranormal e por isso são mais eficientes. Ao contrário de componentes comuns, um catalisador é consumido ao ser usado. Existem diversos tipos de catalisadores, uma para cada elemento. Você precisa estar empunhando um catalisador para usá-lo e só pode usar um catalisador por ritual. Por sua natureza, catalisadores não podem ser improvisados, como pela habilidade Improvisar Componentes, mas ainda podem ser fabricados em campo (veja p. 94).

*Potencializador:* O dano do ritual aumentaem um dado do mesmo tipo.",I,"0,5",,SaH
80,Itens Paranormais,Catalisador Ritualístico Prolongador,"Componentes ritualísticos que já foram alterados através de exposição paranormal e por isso são mais eficientes. Ao contrário de componentes comuns, um catalisador é consumido ao ser usado. Existem diversos tipos de catalisadores, uma para cada elemento. Você precisa estar empunhando um catalisador para usá-lo e só pode usar um catalisador por ritual. Por sua natureza, catalisadores não podem ser improvisados, como pela habilidade Improvisar Componentes, mas ainda podem ser fabricados em campo (veja p. 94).

*Prolongador:* A duração do ritual dobra. Por exemplo, um Distorcer Aparência prolongado tem sua duração aumentada para duas cenas. Não funciona para rituais instantâneos ou sustentados.",I,"0,5",,SaH
81,Itens Paranormais,Ligação Direta Infernal,"Um amontoado de fios de cobre contaminados com Sangue e Energia. Você pode gastar uma ação completa para usar os fios para ligar um veículo automaticamente. Isso faz os fios invadirem os controles do veículo animando-o de forma paranormal; o veículo recebe resistência a dano 20 (cumulativa com qualquer RD que já possua) e imunidade a Sangue, e você recebe +5 em testes de Pilotagem para conduzi-lo. Entretanto, nesse estado o veículo tentará causar o máximo de confusão possível; as consequências de qualquer falha nos testes de Pilotagem são amplificadas a critério do mestre (de forma geral, qualquer dano ou penalidade causado por uma falha é dobrado). Remover a ligação direta infernal de um veículo é uma ação completa.",II,1,,SaH
82,Itens Paranormais,Medidor de Condição Vertebral,"Este item grotesco é uma coluna vertebral sustentada por Lodo de Morte e revestida com cabos e fios de Energia. Para ser usado, deve ser conectado à coluna vertebral, em um procedimento que exige uma ação completa e causa profunda dor e agonia, deixando o usuário atordoado por uma rodada. O medidor conta como uma vestimenta que fornece +2 em Fortitude. Além disso, uma vez conectado ele se ilumina em cores que vão do vermelho, na base, passando por amarelo no centro até verde no topo. Essas cores indicam a saúde do usuário, sendo verde a melhor condição. Além disso, se o usuário estiver sob um efeito paranormal, o item emitirá pulsos de luz lilás. Por fim, as informações fornecidas pelo item concedem um bônus de +5 em testes de Medicina feitos para auxiliar o usuário.",II,1,,SaH
83,Itens Paranormais,Pé de Morto,"Estas botas macabras foram costuradas com a pele de cadáveres amaldiçoados pela Morte. Com essa matéria grotesca, a bota mantém os passos do usuário leves e quase inaudíveis, como se ele fosse um fantasma se aproximando sem fazer barulho. Você recebe +5 em Furtividade e, em cenas de furtividade (SaH, p. 92), qualquer ação chamativa que envolva apenas se mover (como correr ou saltar) aumenta a visibilidade em apenas +1.",II,1,,SaH
84,Itens Paranormais,Pen Drive Selado,"Este dispositivo está gravado com sigilos dourados de Conhecimento. Graças à proteção desses sigilos, o pen drive não pode ser invadido ou afetado por rituais, seres e efeitos de Energia. Isso mantém seus arquivos protegidos, e permite que ele seja usado para invadir outros dispositivos sem ser contaminado pela entidade. Existem outros modelos de dispositivos selados, como HDs externos e celulares.",II,"0,5",,SaH
85,Itens Paranormais,Valete da Salvação,"Assim como um valete servia a seus senhores, esta carta — um valete de ouros pintada de dourado e coberta com sigilos de Conhecimento — serve para salvá-lo de uma situação complicada. Para usá-la, você deve gastar uma ação padrão para atirá-la ao ar. Ela então irá voar em alcance médio, apontando para a melhor rota de fuga dentro deste alcance, e deixará de existir. Se a carta for gasta em uma cena de perseguição (SaH, p. 90), você é bem-sucedido em uma ação de cortar caminho.",I,"0,5",,SaH
86,Itens Operacionais,Estatueta Religiosa,"Uma pequena estátua de uma figura religiosa importante. Durante uma cena de Interlúdio, você pode usar a ação ""Rezar"", onde você realiza uma simples prece à figura representada. Ao usar a ação Rezar, você recebe um bônus de +2d4 em um teste de Vontade realizado até o fim da missão. Você pode escolher gastar apenas 1d4 por vez em dois testes distintos, mas não pode acumular mais dados fazendo a ação “Rezar” diversas vezes.",0,1,,Homebrew
87,Itens Operacionais,"Pacote de Cartas Colecionáveis","Um pacote contendo cartas colecionáveis aleatórias. Usando uma ação de movimento, você abre o pacote. Jogue 1d4. Você recupera pontos de Sanidade e PE igual a metade do resultado do dado.",0,"0,5",,Homebrew
88,Itens Operacionais,Pesos,"Um par de pesos de academia. Durante uma cena de interlúdio, quando fizer a ação Exercitar-se, você recebe dois dados de bônus ao invés de apenas um. Além disso, você pode gastar dois dados em uma rolagem para mudar o bônus para +1d10.",0,2,,Homebrew
89,Itens Paranormais,Agrupador Ritualístico,"Um item pequeno — não maior que uma faca — e de aparência variada. Você pode gastar uma ação padrão para prender um componente ou um catalisador nele, e pode ter até quatro desses itens presos nele. Componentes e catalisadores presos no agrupador contam como empunhados, desde que o agrupador esteja sendo empunhado. Se você estiver empunhando o agrupador ritualístico, todos os componentes e catalisadores presos nele também contam como empunhados. Ocultistas usam este item para segurar vários componentes e catalisadores com uma só mão.",II,1,,AS
90,Itens Paranormais,"Amuleto Sinalizador de <Elemento>","Ao adquirir este amuleto preso a um cordão ou corrente, escolha um elemento (exceto Medo). Este item vestido emite um tênue sinal — pinga gotas vermelhas para Sangue, larga um rastro de fumaça para Morte (como um incenso), emite luz dourada para Conhecimento e muda de cor bruscamente para Energia — quando uma criatura do elemento respectivo entra em alcance longo dele, mesmo tendo paredes ou outros objetos no caminho.",II,1,,AS
91,Itens Paranormais,Catalisador Sofisticado e Horrorizado,"Este tipo de catalisador ritualístico (SaH, p. 44) foi intensamente horrorizado pelo Outro Lado e pode ser usado como uma vestimenta semelhante a uma bijuteria ou acessório, não sendo necessário empunhá-lo. Além disso, ele não é consumido quando usado. Uma vez por cena, você recebe 3d6. Você pode gastar 1d6, como ação livre, para:
Aumentar o dano de um ritual em +1d6.
Aumentar a recuperação de PV de um ritual em +1d6.
Aumentar a DT de um ritual em +1d6.
Você só pode gastar 1d6 no mesmo ritual, e apenas no momento em que conjurá-lo. No fim da cena, d6 não gastos são perdidos. Este é um item paranormal de categoria III que ocupa 1 espaço.",III,1,,AS
92,Itens Paranormais,"Crânio Dominador","O crânio nefasto de quem outrora conheceu a submissão, agora tomado pela podridão e pelas correntes que o aprisionavam em vida, transbordando o desejo de retribuir cada gota de sofrimento. Se estiver empunhando este item, você pode gastar uma ação padrão e 2 PE para invocar correntes que envolvem até dois alvos em alcance curto. Eles ficam paralisados (Reflexos DT Pre evita). A única forma de se libertar é com o rompimento da corrente (Defesa 10, RD 10, 20 PV). O crânio não pode ser usado novamente por 24 horas e quando voltar a ser útil, as correntes já existentes desaparecem.",III,1,"Reflexos, PRE",AS
93,Itens Paranormais,Gaiola do Corvo,"Uma gaiola de pássaros feita de ossos e originada da morte daquele que perdeu sua liberdade. Dentro dela, uma nuvem de cinzas inquieta sussurra os lamentos daqueles que se foram. Se estiver empunhando este item, você pode gastar uma ação padrão para colocá-lo no chão e abrir sua portinhola. Ao fazer isso, todo o solo em um raio de 18m da gaiola é tomado por Lodo e se torna terreno difícil. No começo de toda rodada, aqueles que se encontrarem no Lodo sofrem 3d10 pontos de dano de Morte (Fortitude DT Vig reduz à metade). Se alguém ficar morrendo enquanto está no Lodo, seu corpo é consumido, transformado em cinzas e levado para dentro da gaiola, onde permanecerá para sempre. Após isso, a gaiola se fecha e seus efeitos acabam. É possível fechar a gaiola a qualquer momento como ação padrão.
",IV,2,"Fortitude, VIG",AS
94,Itens Paranormais,Rubra,"Esta droga paranormal tem a aparência de um pó viscoso vermelho amarronzado. Você pode gastar uma ação de movimento para esfregar uma dose de rubra em uma ferida aberta (precisa estar com pelo menos 1 ponto de dano). Se fizer isso, a droga é absorvida e você recebe +5 em testes baseados em Força, Agilidade e Vigor e 10 pontos de vida temporários. No fim da cena, os bônus terminam e, a menos que consuma outra dose de rubra, você perde 1d3 pontos de atributos físicos (role 1d6 para cada ponto perdido; 1-2 Força, 3-4 Agilidade, 5-6 Vigor). Os pontos retornam após dormir em uma cena de interlúdio. Sempre que usa a droga, você deve fazer um teste de Vontade (DT 15 +2 para cada vez além da primeira que tiver usado a droga). Se falhar, fica insano por 1d3 rodadas, durante as quais vai tentar atacar os seres mais próximos de você, independente de quem sejam (ou gastar suas ações se aproximando deles, caso não consiga atacá-los de onde estiver). Se falhar no teste de Vontade por 10 ou mais, sua mente é destruída pela droga. Seu personagem passa a tentar atacar de forma animalesca qualquer pessoa próxima a ele, sem esperanças de voltar ao que era, e, se estiver em um local no qual a Membrana esteja fragilizada, pode até mesmo se tornar uma criatura do Outro Lado.",II,1,"Vontade, 15 (+2)",AS