Codigo_Trilha,Descricao_Regra_10%,Auto_10%,Descricao_Regra_40%,Auto_40%,Descricao_Regra_65%,Auto_65%,Descricao_Regra_99%,Auto_99%
1,"Pede pra você selecionar uma arma do seu inventário. Caso não tenha nenhuma arma, a trilha não pode ser selecionada. A arma selecionada tem sua categoria diminuida em -1. Se a arma era categoria 0, ela continua com a aparencia de categoria 0, mas a proxima modificação/maldição colocada na arma tem a quantidade de categoria que ela ganha diminuida em -1. Ou seja, uma modificação não aumentaria categoria nenhuma, e a primeira maldição aumentaria apenas a categoria em 1.",Sim,"A categoria da arma escolhida ao inves de -1 diminui em -2. Caso a arma seja categoria 1, a categoria dela trava em 0,  mas a proxima modificação/maldição colocada na arma tem a quantidade de categoria que ela ganha diminuida em -1. Ou seja, uma modificação não aumentaria categoria nenhuma, e a primeira maldição aumentaria apenas a categoria em 1. Caso a arma seja categoria 0, ela trava em 0, mas as proximas 2 modificações não aumentam a categoria da arma, ou a proxima maldição não aumenta categoria da arma.",Semi,,,"A categoria da arma escolhida passa a ser reduzida em -3, seguindo toda a lógica anterior caso a arma seja de categoria 2 ou inferior. ela recebe +2 na margem de ameaça (Caso ela fosse 20, passa a ser 18 e assim por diante) e seu dano aumenta em um dado do mesmo tipo.",Sim
3,"Aumenta a margem de ameaça de TODOS os golpes gorpo a corpo em +2. Todas as armas corpo a corpo no inventário, sejam normais ou amaldiçoadas, e todos os ataques corpo a corpo (incluindo ataque desarmado) da aba de combate  recebem esse aumento. Caso a arma fosse 20, vira 18. Caso fosse 17, vira 15, etc...",Sim,,,,,,
4,Aumenta o valor da perícia de Iniciativa em +5 na parte de Outros.,Semi,,,,,,
5,Recebe +1 PV para cada 5% de NEX (ou para cada nível cada esteja com a regra de nivel e experiencia ativada).,Semi,,,,,"Enquanto estiver machucado, recebe +5 na Defesa na aba de Outros e resistência a dano 5. Machucado ja é pra ser uma condição no código, sendo voce ter menos da metade da sua vida máxima.",Semi
6,Recebe proficiência com armas de fogo que usam balas longas e soma o Intelecto em rolagens de dano com essas armas.,Sim,,,,,,
7,"Adiciona no final do nome dessa habilidade ""(+1d6)"" . Em NEX 40% o texto muda para ""(+2d6)"", em NEX 65% muda para ""(+3d6)"" e em NEX 99% muda para ""(+4d6)"".",Não,Recebe +5 na perícia Atletismo e Crime na parte de Outros.,Semi,,,,
8,"Adiciona no final do nome dessa habilidade ""(2 PE, +2d10)"" . Em NEX 40% o texto muda para ""(3 PE, +3d10)"", em NEX 65% muda para ""(4 PE, +4d10)"" e em NEX 99% muda para ""(5 PE, +5d10)"".",Não,,,,,,
9,,,"Adiciona no final do nome dessa habilidade ""(4 PE, +1d10)"". Em NEX 65% muda para ""(8 PE, +2d20)"".",Não,,,,
10,"Soma Intelecto à Força para calcular a capacidade de carga. Por exemplo, se você tem Força 1 e Intelecto 3, seu inventário tem 25 espaços (5+5x1+5x3).",Sim,"Diminui a categoria de todos os equipamentos gerais em -I. Equipamentos gerais: Acessórios, Explosivos, Medicamentos, Itens Operacionais. Caso o item era categorai 0, a proxima modificação nele não aumenta categoria, ou a próxima maldição só aumenta a categoria em 1.",Semi,,,,
11,,,,,,,"Ganha o ritual ""Canalizar o Medo"". Ele vai como um ritual extra pra aba de rituais, com a fonte sendo a trilha ""Conduíte"".",Sim
12,,,,,,,"Ganha o ritual ""Medo Tangível"". Ele vai como um ritual extra pra aba de rituais, com a fonte sendo a trilha ""Flagelador"".",Sim
13,"Ganha um slot de ritual de 1º círculo especial da trilha. Toda vez que ganha acesso a um novo círculo, ganha um slot de ritual adicional daquele círculo. Esses rituais não contam no seu limite de rituais.",Sim,"Você cria um grimório especial, que armazena rituais que sua mente não seria capaz de guardar. Você ganha uma quantidade slots de rituais de 1º ou 2º círculos igual ao seu Intelecto. Quando ganha acesso a um novo círculo, pode incluir um novo ritual desse círculo em seu grimório. Esses rituais não contam em seu limite de rituais conhecidos. . O grimório ocupa 1 espaço em seu inventário, e só aparece na aba geral do inventário. Os rituais de dentro do Grimório precisam ficar numa sub categoria diferente dos rituais comuns.",Sim,A DT para resistir a todos os rituais aumenta em +5.,Sim,"Ganha o ritual ""Conhecendo o Medo"". Ele vai como um ritual extra pra aba de rituais, com a fonte sendo a trilha ""Graduado"".",Sim
14,Recebe resistência paranormal +5,Sim,"Adiciona a Presença ao seu limite de PE por turno, mas esse limite extra não aumenta a DT dos rituais.",Sim,Recebe resistência a dano mental e paranormal 10,Semi,"Ganha o ritual ""Presença do Medo"". Ele vai como um ritual extra pra aba de rituais, com a fonte sendo a trilha ""Intuitivo"".",Sim
15,"Ganha o ritual ""Amaldiçoar Arma"". Ele vai como um ritual extra pra aba de rituais, com a fonte sendo a trilha ""Lâmina Paranormal"". Caso o personagem já tenha esse ritual (ou pegue ele dps de ganhar ele com a trilha (é pra ele permitir)), muda a Execução dele de ""Padrão"" para ""Movimento (+1 PE)"".",Sim,,,,,"Ganha o ritual ""Lâmina do Medo"". Ele vai como um ritual extra pra aba de rituais, com a fonte sendo a trilha ""Lâmina Paranormal"".",Sim
16,"Faça escolher uma perícia entre Diplomacia ou Enganação (Pode ser da msm forma que vc deve escolher a perícia da Vestimenta ou do Utensílio, mostrando isso ja no botão de pegar a trilha, por ser a habilidade 10% mesmo. Você recebe treinamento na perícia escolhida ou, se já for treinado, recebe +2 nela.",Semi,Recebe +2 em Diplomacia e Enganação,Semi,,,,
17,"Recebe treinamento em Sobrevivência ou, se já for treinado nesta perícia, recebe +2 nela.",Sim,,,,,,
19,,,,,,,O Intelecto aumenta em +1 e soma o valor desse atributo em seu total de PE.,Semi
20,,,"Adiciona ""+1d20 em teste para fugir de um inimigo (Perseverante)"" na aba de dados extras",Semi,,,,
21,"Recebe treinamento em uma Profissão à sua escolha entre armeiro, engenheiro ou químico, e recebe +5 na capacidade de carga.",Semi,,,"Recebe treinamento em uma Profissão à sua escolha entre armeiro, engenheiro ou químico ou, se já for treinado em uma dessas perícias, recebe +5 nela.",Semi,,
22,"Recebe treinamento em Religião ou, se já for treinado nesta perícia, recebe +2 nela.",Semi,"Se torna veterano em Religião (10) ou, se já for veterano, recebe +1d20 nessa perícia na aba de dados, com (Exorcista 40%) entre parenteses no final.",Semi,,,,
23,"Sempre que receber um novo poder seguindo a regra original (15%, 30%, 45%, 60%...), em vez disso você recebe o poder Transcender, ou seja, recebe um slot de poder paranormal no lugar. ""Entretanto, você possui uma reserva paranormal alimentada pela presença em seu interior. Essa reserva é representada por pontos de possessão (PP); seu total de PP é igual a 3, mais 2 pontos para cada poder Transcender que possui. O limite de PP que você pode gastar por turno é igual à sua Presença."" Isso basicamente vai criar um novo campo tipo o de PV e de Sanidade, chamado Pontos de Posessão. Cada vez q transcender, voce vai adicionar o limite maximo igual dito ali em cima. Cria um bloco mostrando o limite de PP por turno, igual o de limite de PE por turno, seguindo a regra descrita acima. Você não ganha os slots de poderes normais em nenhum nex.",Semi,,,"Deixar no bloco de 65% dessa trilha a opção entre escolher Transcender ou receber o primeiro poder de um trilha de ocultista (que não seja essa). Caso escolha transcender, surge um slot de poder paranormal, e caso escolha a segunda opção, ganha um segundo Versatilidade basicamente.",Sim,"Te da um desses poderes dependendo da sua afinidade. Esse poder n vai ficar na aba de poderes, ele vai ficar junto com a descrição da habilidade 99%, embaixo dele:



Poder de código 204: Presente da Obsessão (Sangue)

Uma vez por rodada, você pode gastar 6 PE para recuperar 50 PV. Quando faz isso, até o início do seu próximo turno, os bônus por treinamento em suas perícias baseadas em Força e Vigor, e em Intimidação, mudam para +35. As demais perícias baseadas em Presença mudam para –10. Você pode ativar esse poder mesmo inconsciente.



Poder de código 205: Presente do Tempo (Morte)

Uma vez por rodada, você pode gastar 6 PE para receber um turno adicional na última contagem de iniciativa da rodada. Você pode ativar essa habilidade mesmo inconsciente.



Poder de código 206: Presente do Saber (Conhecimento)

Uma vez por cena, você pode gastar 6 PE para reescrever uma fração de seu próprio ser. Você recebe um poder qualquer até o fim da cena. Você deve cumprir os pré-requisitos do poder escolhido, e não pode escolher poderes de trilha de NEX 99%. A cada vez que usa este poder, você deve fazer um teste de Vontade (DT 15 + 5 para cada vez que usou este poder na mesma missão). Se falhar, perde 1d6 pontos de Sanidade para cada vez que usou esse poder nesta missão.



Poder de código 207: Presente do Espaço (Energia)

Uma vez por rodada, você pode gastar 6 PE para se teletransportar para outro ponto em alcance médio. Você não precisa conhecer o local para onde vai nem precisa vê-lo, mas se teletransportar-se para um espaço ocupado vai ser arremessado para o espaço disponível mais próximo.",Não
25,"Recebe treinamento em Profissão (químico), se já for treinado nessas perícia, recebe +5 nela. Pode pegar 1 explosivo na aba de inventário, e esse explosivo não vai contar para o limite de categoria. Com 40%, aumenta a quantia de explosivos em +1, e dnv em 65% e 99%. ",Sim,"Recebe o poder ""Perito em Explosivos"" Se já o tiver, ou o adquirir novamente (é permitido uma única vez), dobra o valor adicionado para resistir aos seus explosivos e a quantidade de pessoas que pode excluir dos efeitos da explosão (Ou seja, oq antes era só o seu INT, vira seu INTx2). Essa alteração vai pro texto do próprio poder. ",Semi,,,Os explosivos autorais da habilidade de 10% (os 4 primeiros explosivos que vc botar no seu inventário) causam o dobro dos dados de dano.,Semi
26,"Recebe o poder Criar Selo (OPRPG, p. 33). Se recebê-lo novamente (ou se vc ja o tinha antes de pegar a trilha), o texto do poder muda para ""Você sabe fabricar selos paranormais de rituais que conheça (veja a página 151). Fabricar 2 selos gasta uma ação de interlúdio e um número de PE iguais ao custo de conjurar os rituais. Você pode ter um número máximo de selos criados a qualquer momento igual à sua Presença."", o número de selos máximos que podem ser fabricados aumentam em +1 em 40%, 65 e 99%, então em 99% voce pode criar 5 selos em uma ação de interlúdio.",Sim,,,,,,
29,"Ganha o ritual ""Tecer Ilusão"". Ele vai como um ritual extra pra aba de rituais, com a fonte sendo a trilha ""Ilusionista"". Caso o personagem já tenha esse ritual (ou pegue ele dps de ganhar ele com a trilha (é pra ele permitir)), muda a Execução dele de ""Padrão"" para ""Movimento (+1 PE)"". Além disso, você pode conjurar este ritual em sua forma discente mesmo sem seguir seus pré-requisitos, e quando passa a cumprir os pré-requisitos, o custo para conjurar esta versão diminui em -1. O mesmo se aplica a versão verdadeira (pode conjurar quando cumprir os pré-requisitos da versão discente, e quando passa a cumprir os pré-requisitos da versão verdadeira, o custo para conjurar essa versão é diminuído em -2).",Sim,,,"Muda a Duração do ritual Tecer Ilusão para ""Cena""",Semi,,
31,"Você recebe o poder ""Artista Marcial"", se já o possui (ou se o pegar depois), seu tipo de dado aumenta em um passo (ou seja, caso o poder aumentasse seu dano desarmado pra 1d6, vira 1d8, se fosse 1d8 viraria 1d10, e se fosse 1d10 viraria 1d12. Além disso, o seu dano desarmado aumenta em 1 dado do mesmo tipo (ele aumenta novamente em 45% de NEX e uma última vez em 75% de NEX). ",Sim,,,,,Recebe +1 em Agilidade e Força,Semi
32,"E cada NEX que pode aprender um poder de combate (15%, 25%, 35%, etc.), ganha um slot de ritual que pode ser recusado. Caso seja aceito, abre o modal normal de rituais. Aceitar um ritual faz você perder Sanidade permanente. O valor de Sanidade perdido é igual ao círculo do ritual. O ritual aprendido deve ser de um círculo que o personagem conhece (combatentes e especialistas aprendem em niveis diferentes os circulos, mas ja é pra estar calculado) e não conta para o limite de rituais. Além disso, ganha +1 PE por NEX.",Sim,O atributo para calcular seus PE e a DT de seus rituais se torna Vigor ou Agilidade. Fazer algm seletor disso dentro do poder de 40% ,Semi,,,Ganha um slot de ritual de 4 circulo. Este ritual não conta no limite de rituais conhecidos.,Sim
33,"Adiciona na aba de dados ""+2d20 em testes de manobra para Agarrar (Mata Leão) e ""+1d20 em testes para manter um ser Agarrado (Mata Leão)"".",Sim,,,,,,
34,"Adiciona um novo ataque na aba de ataques, chamado Golpe Desarmado (Acrobacia). Esse golpe, além do normal de golpes desarmados, tem que ter um campo chamado ""Dano de Movimento"", o dano de movimento é igual a 1 pra cada 1,5 de deslocamento que vc tem. Ent se vc tem 6 metros, esse dano é extra é 4. Além disso, adiciona +3m de deslocamento.",Semi,,,"Adiciona +3m de deslocamento, Além disso, adiciona metade do valor do Dano de Movimento na  defesa.",Semi,Recebe +3m no seu deslocamento e passa a adicionar todo o valor do seu Dano de Movimento na  defesa ao invés de metade. ,Semi
35,"A categoria de todos os equipamentos gerais (exceto explosivos) diminui em 1. Caso o item era categoria 0, a proxima modificação nele não aumenta categoria, ou a próxima maldição só aumenta a categorai em 1. (Equipamentos gerais: Acessórios, Explosivos, Medicamentos, Itens Operacionais)",Sim,,,,,,
44,,,,,,,"Recebe o ritual ""Controlar as Sombras"" com a fonte sendo a trilha ""Viajante das Sombras""",Semi