Codigo_Item_Ama,Nome_Ama,Desc_Ama,Espacos_Ama,Categoria_Ama,DT_Ama,Elemento_Ama,Fonte_Ama,Vestimenta?,Bonus_Vestimenta
1,Coração Pulsante,"_Um coração humano banhado em sangue, pulsando como se ainda estivesse dentro de um corpo_. Se estiver empunhando o coração pulsante e sofrer dano, você pode gastar uma reação para espremer o item e reduzir esse dano pela metade. Sempre que usa o coração, você deve fazer um teste de Fortitude (DT 15 + 5 por uso adicional no mesmo dia). Se falhar, o item é destruído. Como o coração continua pulsando incessantemente com Sangue, qualquer compartimento em que estiver deve ser drenado uma vez por dia, caso contrário o Sangue poderá escorrer e danificar outros objetos com os quais entrar em contato.",1,II,"Fortitude, 15 (+5)",Sangue,OPRPG,,
2,"Coroa de Espinhos","_Uma coroa, colar ou pulseira feita de um material que lembra os espinhos de uma roseira banhados em sangue_. Uma vez por rodada, você pode usar uma reação para transformar qualquer dano mental que fosse sofrer em dano de Sangue, mas não consegue mais recuperar sanidade por descanso enquanto estiver vestindo o item. É preciso vestir o item por uma semana para ativar seus efeitos.",1,II,,Sangue,OPRPG,,
3,Frasco de Vitalidade,"_Este pequeno recipiente de vidro possui uma tampa de metal gravada com um selo de Sangue_. Você pode gastar 1 minuto e sofrer até 20 pontos de dano para encher o frasco com seu próprio sangue. Enquanto estiver no recipiente, seu sangue se mantém fresco. Você pode gastar uma ação padrão para beber o conteúdo do frasco e recuperar a mesma quantidade de PV que armazenou nele, mas deve passar em um teste de Fortitude (DT 20) para não ficar enjoado por uma rodada.",1,II,"Fortitude, 20",Sangue,OPRPG,,
4,Pérola de Sangue,"_Uma esfera de aproximadamente 2cm de diâmetro, lisa e reluzente como uma pérola, mas de cor vermelho-vivo_. Você pode gastar uma ação de movimento para forçar a pérola de sangue contra a sua pele e absorvê-la, recebendo uma injeção de adrenalina que fornece +5 em testes de Agilidade, Força e Vigor e testes baseados nesses atributos até o final da cena. Ao final da cena, você precisa fazer um teste de Fortitude (DT 20). Se falhar, fica fatigado até o final do dia. Se falhar por 5 ou mais, sofre uma parada cardíaca e fica morrendo. Se morrer dessa forma, você se torna uma criatura de sangue de VD similar ao seu NEX, à escolha do mestre.",1,II,"Fortitude, 20",Sangue,OPRPG,,
5,Seringa de Transfiguração,"_Esta seringa é feita de um material estranho e de aparência orgânica, cheio de veias pulsantes_. Você pode gastar uma ação padrão para sugar o sangue de um alvo adjacente e encher a seringa (se o alvo não for voluntário, você precisa acertá-lo com um ataque corpo a corpo). Se houver sangue na seringa, você pode gastar uma ação padrão para injetá-lo em qualquer outra pessoa adjacente, que terá sua aparência transfigurada para a do dono do sangue, como se estivesse sob efeito do ritual Distorcer Aparência, com duração aumentada para um dia. Quando o efeito acabar, o alvo deve rolar 1d6. Em um resultado 1, o processo de voltar à sua aparência é especialmente traumático, danificando seus músculos e órgãos e fazendo com que ele perca 1 PV permanentemente.",1,II,,Sangue,OPRPG,,
6,Amarras Mortais,"_Um par de correntes de ferro negro que se enrolam nos antebraços do usuário como um bracelete_. Uma vez por rodada, você pode gastar uma ação padrão e 2 PE para usar a manobra agarrar contra um alvo Grande ou menor em alcance curto, recebendo +10 em seu teste oposto. Você também pode usar uma ação de movimento para puxar um alvo agarrado para perto, deixando-o adjacente.",1,II,,Morte,OPRPG,,
7,Casaco de Lodo,"_Um sobretudo preto fosco que tem uma cor inexplicavelmente opaca, como se absorvesse a luz completamente_. Essa vestimenta é na verdade feita de Lodo ativo, protegendo o usuário contra ataques ao amortecer o impacto deles. O usuário recebe resistência a corte, impacto, Morte e perfuração 5, mas se torna vulnerável a dano balístico e de Energia.",1,II,,Morte,OPRPG,TRUE,"Resistência a Corte, Impacto, Morte e Perfuração 5

Vulnerável a dano Balístico e de Energia"
8,Coletora,"_Este punhal possui a lâmina completamente negra e a empunhadura em espiral_. Você pode gastar uma ação completa para apunhalar uma pessoa que esteja morrendo. Ao fazer isso, você mata o alvo morre e a Coletora absorve os resquícios do tempo de vida dela, armazenando 1d8 PE. O punhal pode armazenar um total de 20 PE, que você pode usar como se fossem seus desde que esteja portando a adaga a pelo menos uma semana. Enquanto portar a adaga, você é acometido por pesadelos sobre o sofrimento final de suas vítimas e sempre tem condições de descanso ruins, independentemente de onde ou como descansar.",1,II,,Morte,OPRPG,,
9,Crânio Espiral,"_Um crânio envelhecido, apodrecido e distorcido em um formato espiral. Lodo escorre de seus olhos vazios, como lágrimas negras_. Uma vez por rodada, se estiver empunhando o crânio, você pode gastar uma ação livre para ativá-lo. Quando faz isso, você recebe uma ação padrão adicional na rodada. Sempre que usa o crânio, você deve fazer um teste de Vontade (DT 15 + 5 por uso adicional no mesmo dia). Se falhar, você recebe os benef ícios do item, mas envelhece 1d4 anos e não pode mais usá-lo nesse dia.",1,II,"Vontade, 15 (+5)",Morte,OPRPG,,
10,Frasco de Lodo,"_Um pequeno frasco contendo lodo de Morte. Aplicar o conteúdo do frasco em um ferimento é uma ação padrão_. Se aplicado em um ferimento recente (sofrido até uma rodada atrás) o lodo recupera 6d8+20 pontos de vida. Caso a ferida seja anterior à rodada passada, role um dado: em um resultado par, o lodo recupera 3d8+10 PV; em um resultado ímpar, a ferida infecciona, causando 3d8+10 pontos de dano de Morte. O frasco possui lodo para uma única ativação.",1,II,,Morte,OPRPG,,
11,Vislumbre do Fim,"_Um par de óculos escuros repleto de símbolos e espirais em sua armação metálica_. Você pode gastar uma ação de movimento para se concentrar em um ser que esteja vendo e obter informações sobre a morte dele. Em pessoas comuns, essa informação se traduz em um contador de tempo, que pode se alterar conforme as ações de um marcado Modificam seu futuro. Em Marcados ou criaturas, essas informações se traduzem na informação de qual é o pior valor de resistência do alvo (entre Fortitude, Reflexos ou Vontade) e de quaisquer vulnerabilidades que o alvo possua.",1,II,,Morte,OPRPG,,
12,Anéis do Elo Mental,"_Um par de anéis dourados, cada um contendo um dos símbolos do ritual Ligação Telepática_. Os anéis devem ser usados por duas pessoas por 24h para serem ativados. Após esse período, os dois são conectados porum ritual de Invadir Mente (ligação telepática) quedura enquanto estiverem usando os anéis. Enquanto a ligação estiver ativa, as duas pessoas fazem testes de Vontade usando a melhor quantidade de dados e bônus entre as duas. Porém, qualquer dano mental sofrido por uma delas será sofrido pela outra (ou seja, se numa rodada ambas sofrerem 10 pontos de dano mental, cada uma irá perder 20 pontos de sanidade) e qualquer condição mental ou de medo que afetar uma delas automaticamente afetará a outra.",1,II,,Conhecimento,OPRPG,,
13,"Lanterna Reveladora","_Uma lanterna dourada decorada com sigilos do Outro Lado_. Ativar a lanterna gasta uma ação padrão e 1 PE. Ela fica ligada por uma cena e emite luz com as propriedades do ritual Terceiro Olho. A luz da lanterna incomoda criaturas de Sangue. Se elas foram iluminadas pela luz dela, irão atacá-lo em detrimento de quaisquer outros alvos na mesma categoria de alcance",1,II,,Conhecimento,OPRPG,,
14,"Máscara das Pessoas nas Sombras","_Principal ferramenta e marca registrada da Seita das Máscaras, esse item quando usado por alguém que não pertence à Seita ainda carrega grande poder._ O usuário recebe resistência a Conhecimento 10 e pode gastar uma ação de movimento e 2 PE para “entrar” em uma sombra adjacente e se transportar instantaneamente para outra sombra que possa ver em alcance médio. Vestir a Máscara é como assinar um acordo e pode ter consequências severas se seu portador despertar o interesse da mente única das Máscaras...",1,II,,Conhecimento,OPRPG,,
15,Munição Jurada,"_Uma bala de arma de fogo com um sigilo gravado_. O usuário pode fazer um ritual de uma hora para vincular essa munição a um ser que conheça. Se usada contra esse ser, a bala fornece +10 no teste de ataque, dobra a margem de ameaça da arma e causa +6d12 pontos de dano de Conhecimento. Possuir uma munição juramentada deixa o usuário obcecado em abater seu alvo, impondo –2 em Defesa e em testes de ataque contra quaisquer outros alvos.",1,II,,Conhecimento,OPRPG,,
16,"Pergaminho da Pertinácia","_Um pergaminho amarelado e antigo. Mesmo enrolado, é possível vislumbrar sigilos dourados brilhando na parte interior_. Você pode gastar uma ação padrão para encarar os sigilos do Outro Lado inscritos no pergaminho, recebendo 5 PE temporários até o fim da cena. Sempre que usa este item, você deve fazer um teste de Ocultismo (DT 15 + 5 por uso adicional no mesmo dia). Se falhar, o pergaminho se desfaz.",1,II,"Ocultismo, 15 (+5)",Conhecimento,OPRPG,,
17,"Bateria Reversa","Uma pequena bateria elétrica repleta de sigilos paranormais. Você pode gastar uma ação padrão e 2 PE para fazer a bateria absorver a carga de qualquer dispositivo eletrônico em alcance curto — celular, notebook ou mesmo um automóvel —, fazendo-o ficar automaticamente descarregado. Se a bateria estiver cheia, você pode gastar uma ação padrão para transferir a carga dela para um dispositivo eletrônico descarregado em alcance curto, que é instantaneamente reenergizado. Sempre que usa a bateria, você deve fazer um teste de Ocultismo (DT 15 + 5 por uso adicional no mesmo dia). Se falhar, ela explode, causando 12d6 pontos de dano de Energia em todos os seres a até 3 metros.",1,II,"Ocultismo, 15 (+5)",Conhecimento,OPRPG,,
18,Peitoral da Segunda Chance,"Um dispositivo que pode ser vestido como um pequeno colete que pode ser prendido ao redor do peito, contendo uma peça central em cima do coração formada por um amontoado de partes eletrônicas seguradas por fios metálicos entrelaçados, passando por baixo dos braços e levando até um fecho na parte das costas. Se você for reduzido a 0 pontos de vida, o colete automaticamente gastará 5 PE seus para reanimá-lo com 4d10 PV através de um surto de Energia por todo o seu corpo. A reanimação falha se você não tiver PE suficiente. Cada vez que o item é ativado, existe uma chance (1 em 1d10) da descarga energética ser forte demais e matá-lo instantaneamente, transformando seu corpo e equipamento em plasma de Energia pura (exceto pelo colete).",1,II,,Energia,OPRPG,,
19,Relógio de Arnaldo,"_Um relógio de ouro, meio manchado e com um aspecto levemente queimado no exterior. Ao abrir, é possível enxergar a foto de um homem de barba e óculos aolado de uma criança simpática, também segurando um relógio de ouro_. Uma vez por rodada, você pode gastar 1 PE para rolar novamente qualquer dado com o resultado 1. O custo para usar o relógio aumenta em +1 para cada vez que for ativado no mesmo dia.",1,II,,Energia,OPRPG,,
20,Talismã da Sorte,"_Uma figa, moeda, pé de coelho ou qualquer outro badulaque modificado por um ritual_. Sempre que você estiver vestindo o talismã e sofrer dano, pode gastar uma reação e 3 PE para rolar 1d4. Em um resultado 2 ou 3, você evita completamente o dano. Em um resultado 4, você evita o dano, mas o talismã queima e vira cinzas. Por fim, em um resultado 1, a sorte se reverte em azar: em vez de evitar o dano, você sofre o dobro do dano que sofreria e o talismã queima e vira cinzas.",1,II,,Energia,OPRPG,,
21,"Teclado de Conexão Neural","_Um teclado USB coberto de glifos de Energia_. Sempre que você plugar o teclado a um computador (uma ação de movimento), o item irá gerar ondas eletromagnéticas que enviam os sinais do sistema diretamente para as sinapses de seu cérebro, efetivamente conectando a sua mente com a máquina. Você pode usar o computador sem nenhum impedimento tecnológico ou de idioma, recebe +10 em testes para hackear e gasta metade do tempo normal para localizar arquivos. Porém, devido ao estresse que seu cérebro sofre por se conectar diretamente a um sistema digital, você sofre 1d6 pontos de dano mental por rodada que usar o teclado.",1,II,,Energia,OPRPG,,
22,Tela do Pesadelo,"_Este dispositivo com tela (celular, tablet, TV...) contém diversos sigilos minúsculos em suas bordas_. Você pode gastar uma ação padrão e 2 PE para ativar a tela. A próxima pessoa que tocá-la verá uma imagem horrível saindo da tela e avançando contra ela. A imagem é apenas uma ilusão, mas os traumas que ela causa são reais! A pessoa deve fazer um teste de Vontade (DT determinada pelo usuário da tela +5). Se falhar, fica atordoada, sofre 4d6 pontos de dano mental e precisa repetir o teste na próxima rodada. O efeito continua até a pessoa passar no teste ou enlouquecer (ou outra pessoa destruir a tela). Uma vez que gere esse efeito, a tela fica inerte até você ativá-la novamente.",1,II,"Vontade, Varia (+5)",Energia,OPRPG,,
23,"Veículo Energizado","_O motor deste veículo foi modificado paranormalmente para não precisar de combustível_. Além disso, um motorista pode gastar uma reação e fazer um teste de Pilotagem (DT 25) para fazer o carro e seus ocupantes assumirem uma forma de energia pura por um instante, suficiente para evitar colidir com um objeto, atravessando-o como se fossem incorpóreos.",1,II,"Pilotagem, 25",Energia,OPRPG,,
24,"Jaqueta de Veríssimo","_Uma jaqueta de estilo aviador feita de couro marrom com a gola forrada de pele branca. Esta vestimenta de aparência comum já foi usada por vários agentes importantes e experientes da Ordem, e presenciou inúmeras batalhas e sacrifícios. Ao longo de sua história, a jaqueta foi passada de um agente para o outro como presente ou herança diversas vezes_. Você recebe resistência a dano paranormal 15. Além disso, sempre que um aliado adjacente for sofrer dano de qualquer tipo, você pode gastar uma reação e 2 PE para se tornar o alvo do dano no lugar. Este é um item único (apenas um agente pode escolhê-la) de categoria IV.",1,IV,,Medo,OPRPG,,
25,Dedo Decepado,"Este item grotesco é um dedo decepado e seco de alguém com alto nível de exposição paranormal. Você recebe um poder paranormal que o dono do dedo possuía. O elemento do poder define o elemento da maldição. Sempre que usar as ações dormir ou
relaxar em um interlúdio, role 1d4. Em um resultado 1, você é assombrado por memórias do dono do dedo e não recupera nenhum PV, PE ou sanidade. Além disso, ser visto usando esse item causa uma penalidade de –10 em testes de Diplomacia e pode causar reações severas de NPCs, a critério do mestre. Você precisa vestir o item por uma semana para que seu efeito comece a funcionar.",1,II,,Varia,OPRPG,,
26,Selos Paranormais,"Um conjunto de sigilos gravados em um objeto pequeno, como um pergaminho, moeda, pedra preciosa, osso humano... Cada selo contém um ritual. Para ativar um selo, você deve empunhá-lo e ler os sigilos em voz alta. Isso exige uma ação padrão ou a ação necessária para conjurar o ritual, o que for maior. Você também deve conhecer o ritual inscrito nele ou passar em um teste de Ocultismo (CD 20 + custo em PE do ritual). Quando o selo é ativado, o ritual é conjurado e o selo se desfaz em cinzas. Você sofre os efeitos das regras “O Custo do Paranormal” e “Invocando o Medo” (veja OPRPG, página 121), caso aplicáveis, e toma quaisquer decisões exigidas pelo ritual, como se o tivesse conjurado você mesmo. Caso conheça o ritual, você pode aplicar quaisquer habilidades que possua que se aplicariam aos seus próprios rituais, e pode usar versões avançadas dele, pagando o custo adicional em pontos de esforço (e apenas o custo adicional). Você não precisa de componentes ritualísticos para ativar um selo, o que o torna um objeto bastante útil para ocultistas em certas situações. A categoria de um selo é igual ao círculo do ritual contido nele: categoria I para rituais de 1º círculo, categoria II para rituais de 2º círculo, e assim por diante.",1,Varia,"Ocultismo, Varia",Varia,OPRPG,,
27,Conector de Membros,"Ninguém sabe que tipo de “cientista louco” desenvolveu esse aparato, composto por dois aneis metálicos de tamanhos adaptáveis, banhados em símbolos de Sangue e conectados por uma sanfona de tecido humano. Você pode usar esse item e uma ação padrão para reconectar um braço, perna ou cabeça decepados de uma pessoa ou animal, desde que o ferimento tenha ocorrido em até três rodadas. Reconectar a parte perdida não cura PV mas, se o alvo estava morrendo ou morto, ele perde estas condições e fica inconsciente e com 1 PV. Se o conector for removido, a parte é novamente decepada e não poderá ser reconectada por este item novamente. Quando é usado, o conector tem uma chance de 25% de conceder uma fagulha de “vida própria” à parte reconectada. Se isso acontecer e a parte for uma perna, o alvo ficará lento, pois o membro tentará andar em outras direções por conta prória. Se a parte for um braço, o alvo sofrerá uma penalidade de -1d20 em testes que exijam o uso daquele braço, pois o membro tentará tatear ao redor ou até mesmo atrapalhar a ação. Por fim, se a parte era a cabeça, no início de cada cena de grande tensão (como um combate ou uma perseguição), o alvo tem 25% de chance de ficar confuso. Há boatos de que estes efeitos podem ser removidos da parte
reconectada, mas não se sabe exatamente como.",1,III,,Sangue,SaH,,
28,Dose d’A Praga,"Um pequeno frasco de vidro reforçado contendo um líquido espesso vermelho que se rebate violentamente contra as paredes da sua pequena prisão. Você pode gastar uma ação padrão para abrir o frasco e fazer com que você ou um ser adjacente fique sob efeito dos poderes paranormais Arma de Sangue, Sangue de Ferro e Sangue Vivo até o fim da cena. Quando o efeito se encerra, o ser deve fazer um teste de Fortitude (DT 20 + 5 por dose anterior desde o último interlúdio). Se falhar, sofre 2d4 pontos de dano mental e mantém os poderes até o fim da próxima cena, ficando também sob efeito do ritual Ódio Incontrolável. ",1,III,"Fortitude, 20 (+5)",Sangue,SaH,,
29,Mandíbula Agonizante,"A parte inferior de um crânio, ainda com músculos e símbolos pintados com sangue, que emite sons perturbadores, como se estivesse sendo torturado. Você pode gastar uma ação padrão para pressionar a mandíbula, fazendo-a sentir mais dor, e arremessá-la em um ponto à sua escolha em alcance médio. O item começará a agonizar e gritar muito alto, acobertando qualquer outro som em um raio de 30 metros até o fim da cena. Se usar esse item em uma cena de furtividade (SaH, p. 92), você passa automaticamente em um teste para distrair. Criaturas de Sangue, em especial, são fortemente atraídas pelos gritos da mandíbula, e precisam passar em um teste de Vontade (DT 35) para evitar ir até ela e comê-la. No fim da cena, a mandíbula para de gritar, volta a agonizar baixinho e só pode ser usada novamente após descansar por uma cena.",1,II,"Vontade, 35",Sangue,SaH,,
30,Retalho Tenebroso,"Este pedaço de carne retangular com pele e alguns pelos bestiais esparsos é impregnado de instintos primais. Você pode gastar uma ação padrão para aplicá-lo sobre seu rosto como se fosse uma máscara. Se fizer isso, recebe faro e visão no escuro, mas sofre vulnerabilidade a Morte e -2d20 em testes de perícias para interação social, como Diplomacia e Enganação. Além disso, conforme permanece em seu rosto, as energias do retalho parecem impregná-lo em fúria; para cada dia em sequencia com o retalho tenebroso, você recebe um bônus cumulativo de +1 em rolagens de dano. Esse poder, entretanto, tem um custo, pois o retalho lentamente tenta se alimentar de sua carne; ao final de cada dia, você perde 1d6 pontos de vida (Fortitude DT 15, +5 a cada teste adicional em sequencia, evita). Para remover o retalho você deve gastar uma ação padrão e passar em um teste de Fortitude (como acima). Se falhar, perde 1d6 pontos de vida. A perda de vida causada pelo retalho só pode ser recuperada após ele ser removido. O retalho se solta automaticamente se a pessoa em que estiver aplicado morrer. ",1,II,"Fortitude, 15 (+5)",Sangue,SaH,,
31,Ampulheta do Tempo Sofrido,"Uma ampulheta de madeira trabalhada, com areia negra em seu interior. Quando é girada, os grãos assumem formas vagamente humanoides, que erguem os braços em desespero conforme são sugadas para a parte inferior do dispositivo. Se estiver empunhando a ampulheta do tempo sofrido, você pode gastar 5 PE para receber imediatamente os benef ícios de uma ação de interlúdio a sua escolha. Uma vez que tenha usado a ampulheta, você não pode usá-la novamente até gastar uma ação de interlúdio para devolver o tempo que a Morte lhe emprestou.",1,II,,Morte,SaH,,
32,Injeção de Lodo,"Uma velha seringa de bronze enferrujado com uma grande agulha preenchida com o Lodo preto da Morte, que escorre sutilmente para fora. Você pode gastar uma ação padrão e o conteúdo da seringa para injetar o Lodo em você ou um ser adjacente voluntário. Até o fim da cena o ser recebe vulnerabilidade a dano balístico e de Energia mas, na próxima vez em que for reduzido a 0 PV nesta mesma cena, em vez disso é reduzido a 1 PV.",0.5,II,,Morte,SaH,,
33,Instantâneo Mortal,"Este item é uma fotografia que retrata um dos últimos momentos de uma pessoa antes de sua morte (como um condenado sendo preparado para a forca ou um paciente terminal prestes a expirar). Existem diversas versões deste item, algumas uma simples foto em papel, outras um quadro adornado por uma sólida moldura ou mesmo uma imagem digital. Cada instantâneo mortal retrata pessoas diferentes, em circunstâncias de morte variadas. Se estiver empunhando um instantâneo mortal e fizer um teste de perícia para procurar pistas, você pode olhar fixamente para a imagem e gastar 1 PE. Se o teste for de uma perícia relacionada às circunstâncias de morte da fotografia, a imagem da pessoa irá se mover discretamente, apontando em uma direção útil para o teste (efetivamente concedendo +1d20 no teste). Por exemplo, um teste de Crime para encontrar uma pista pode receber o bônus se você estiver segurando um instantâneo mortal com a imagem de um criminoso. O mestre tem a palavra final sobre as perícias que se relacionam a um determinado _instantâneo mortal_.",0.5,II,,Morte,SaH,,
34,Projetil de Lodo (Curto),"Um projétil forjado por mãos habilidosas que empregaram o Lodo como parte do processo de fundição do metal, fazendo com que ele carregue a Morte consigo — literalmente. Forjar uma dessas munições é um trabalho árduo, mas o resultado é uma ferramenta poderosa contra criaturas de Sangue. Projéteis de Lodo podem ser encontrados em versões curtas e longas. Usar um_ projétil de Lodo_ troca todo o dano da arma para Morte. Entretanto, ao fim da cena, a arma se degrada, sendo consumida pelo tempo até ser completamente desfeita.",1,I,,Morte,SaH,,
35,Projetil de Lodo (Longo),"Um projétil forjado por mãos habilidosas que empregaram o Lodo como parte do processo de fundição do metal, fazendo com que ele carregue a Morte consigo — literalmente. Forjar uma dessas munições é um trabalho árduo, mas o resultado é uma ferramenta poderosa contra criaturas de Sangue. Projéteis de Lodo podem ser encontrados em versões curtas e longas. Usar um_ projétil de Lodo_ troca todo o dano da arma para Morte. Entretanto, ao fim da cena, a arma se degrada, sendo consumida pelo tempo até ser completamente desfeita.",1,II,,Morte,SaH,,
36,Rádio Chiador,"Um pequeno rádio gravador de bolso que já captou o áudio de inúmeras vidas se esvaindo. É como se estivesse constantemente empoeirado e pela sua aparência sequer deveria estar funcionando, mas um chiado perturbador e constante pode ser escutado vindo de dentro. Funciona com pilhas que duram doze horas antes de se tornarem Lodo preto. Enquanto estiver ligado, emite chiados estáticos se houver qualquer criatura Paranormal em alcance extremo. O chiado se torna mais alto conforme a proximidade de um destes elementos, o que permite estimar sua direção e categoria de alcance aproximadas. Criaturas Paranormais tendem a se sentir atraídas pelo chiado uma vez que possam ouvi-lo. As funções normais do rádio gravador não funcionam, mas ele pode ficar desligado para não emitir barulho.",1,II,,Morte,SaH,,
37,Câmera Obscura,"Uma das versões mais antigas e usadas de todas as câmeras de aura paranormal. Reza a lenda de que essa Polaroid Model 95 capturou tantas auras que se tornou incrivelmente poderosa contra criaturas fantasmagóricas. Esta versão de câmera de aura paranormal possui a modificação lente de revelação paranormal, mas a DT para resistir a seu efeito aumenta em +10. Além disso, se falhar, a criatura também sofre 6d6 pontos de dano de frio conforme partes de sua forma são inexistidas. Apenas criaturas com alguma habilidade de invisibilidade, incorporeidade ou camuflagem sofrem esse dano.",1,III,,Conhecimento,SaH,,
38,Enxame Fantasmagórico,"Um manto leve e quase invisível composto de traças e mariposas esbranquiçadas que foi tecido por algum bruxo de séculos passados. Enquanto estiver vestido, este manto amaldiçoado deixa seu usuário invisível (veja SaH, p. 125). Contudo, o usuário se torna o alimento das traças e mariposas que formam a veste; enquanto estiver vestindo o manto, você sofre 1 ponto de dano mental no início de cada um de seus turnos. Esse dano mental ignora todo tipo de resistência a dano.",1,III,,Conhecimento,SaH,,
39,Repositório do Fracasso,"Esta pequena caixinha de madeira se assemelha a um antigo porta-joias. Seu exterior, entretanto, é decorado com figuras espectrais que expressam um desespero profundo. Sempre que uma criatura Paranormal em alcance médio faz um teste, para cada resultado 1 nos d20 desse teste, o repositório do fracasso recebe uma carga, até um máximo de 6 cargas. Uma vez por rodada, você pode consumir uma dessas cargas para recuperar 1d4 PE. Sempre que faz isso, entretanto, você sofre uma penalidade cumulativa de –1 em Vontade até seu próximo interlúdio.",1,II,,Conhecimento,SaH,,
40,Tábula do Saber Custoso,"Esta pequena tábula, marcada com sigilos de Conhecimento, fornece conhecimento do Outro Lado às custas da integridade da mente de seu usuário. Se estiver empunhando a Tábula do Saber Custoso, você pode usá-la para receber os benefícios de ser treinado em uma perícia por um único teste. Se fizer isso, você perde uma quantidade de pontos de Sanidade igual ao seu valor no atributo-chave dessa perícia.",1,II,,Conhecimento,SaH,,
41,Arreio Neural,"Este conjunto de correias de couro e fivelas metálicas pode ser fixado à cabeça de uma pessoa de forma semelhante à cabeçada de um cavalo, expondo sua arcada dentária e mantendo seus olhos abertos. Um aparato amaldiçoado da era Vitoriana, este dispositivo converte certas correntes em estímulos cerebrais. Se estiver usando o arreio neural, sempre que sofre 5 ou mais pontos de dano de eletricidade ou Energia, você recupera 1 PE. Você pode recuperar um máximo de PE desta forma igual ao dobro do seu Vigor no mesmo dia.",1,II,,Energia,SaH,,
42,Centrifugador Existencial,"Este pequeno dispositivo formado por dois círculos de cobre concêntricos foi criado por um inventor desconhecido do século XVII. Você pode gastar uma ação padrão e 3 PE para ativar o dispositivo, o que faz com que os dois círculos girem rapidamente em sentidos opostos. Quando isso acontece, você é dividido em duas possibilidades de futuro e recebe um turno adicional na última contagem de iniciativa desta rodada, estando brevemente em dois lugares ao mesmo tempo. Ambas as versões de você são consideradas sua “versão verdadeira”, mas você deve sortear qual delas irá se dissipar ao final da rodada. Efeitos que afetarem qualquer uma das versões durante a rodada seguem afetando seu personagem, se aplicáveis. O seu “outro você” não é considerado outra pessoa adicional para qualquer efeito de jogo. Sempre que usa este item, você deve fazer um teste de Ocultismo (DT 15 + 5 por uso adicional no mesmo dia). Se falhar, você é separado em nível energético e perde metade de seus atributos (arredondado para baixo). Você recupera 1 ponto de cada atributo ao final de cada interlúdio.",1,III,"Ocultismo, 15 (+5)",Energia,SaH,,
43,Espelho Refletor,"Esta pequena placa metálica foi adquirida de corpos de criaturas como o Ciborgue, e polida ritualisticamente até se tornar reflexiva. Um espelho refletor pode ser usado para refletir imagens em ângulos impossíveis; você pode gastar uma ação de movimento para observar um ponto ou ser fora de seu ângulo de visão em alcance médio; quando faz isso você recebe +1d20 em Percepção e tem uma chance de enxergar mesmo objetos e seres com cobertura total. Além disso, quando sofre dano de Energia, você pode sacrificar o espelho para evitar esse dano e refleti-lo de volta à sua origem.",1,II,,Energia,SaH,,
44,A Primeira Adaga,"Por milênios, adagas se tornaram um símbolo ritualístico poderoso, sendo associadas à conjuração de rituais e armas de ocultistas. Contudo, todo mito tem uma origem. Este item amaldiçoado é a primeira adaga que já foi usada em um ritual. Apesar de ser a origem de uma das idealizações mais profundas do ocultismo humano, esta arma não impressiona à primeira vista. É uma lâmina de pedra polida e cabo de madeira tão primitiva quanto os primeiros sacrif ícios humanos para entidades sobrenaturais. Entretanto, qualquer um treinado em Ocultismo reconhece o horror que ela representa. Se for empregada como um componente ritualístico, ela concede ao ritual os efeitos dos catalisadores ampliador, perturbador, potencializador e prolongador (SaH, p. 44). Além disso, o tempo de conjuração do ritual se torna 1 rodada (isso se aplica mesmo com as regras opcionais Conjuração Complexa e Combate Narrativo). Contudo, o poder fornecido pela adaga tem um preço; o conjurador perde uma quantidade de pontos de vida igual à metade de seus PV totais (esta perda conta como dano para efeitos de calcular dano massivo; veja OPRPG, p. 88). É possível usar uma vítima de sacrifício para pagar esse preço em vida, mas isso é um ato de extrema crueldade ou desespero.",1,III,,Medo,SaH,,
45,"Camiseta Psikolera","Manchada de sangue dos vários mosh pits na qual já esteve presente, uma simples merch de uma banda se torna um símbolo de resistência e adrenalina. Quanto mais ela se suja, mais você se deleita. Se estiver machucado enquanto usa esta vestimenta, todas as suas rolagens de dano causam +2d8 pontos de dano de Sangue.",1,II,,Sangue,AS,TRUE,
46,"Combustível de Sangue
","Um tanque com combustível inflamável misturado com Sangue. Fabricar um combustível desse é um trabalho grotesco, mas o resultado é uma ferramenta poderosa contra criaturas de Conhecimento. Você pode gastar o Combustível de Sangue como munição para lança-chamas ou para encher galões. Fazer isso troca todo o dano do lança-chamas ou do galão (veja SaH, p. 41) para Sangue e aumenta todos os dados de dano em uma categoria (d6 vira d8, por exemplo).",1,III,,Sangue,AS,,
47,"Larva da Fúria","Uma larva de Sangue gosmenta com 15cm de comprimento e dentes longos. Este item operacional maldito pode ser ingerido com o gasto de uma ação de movimento. Se fizer isso, você consome o item e é tomado por ódio até o fim da cena. Você recebe +4 em testes de ataque e rolagens de dano corpo a corpo, mas não pode fazer nenhuma ação que exija calma e concentração (como usar a perícia Furtividade ou conjurar rituais). A fúria termina se, ao fim da rodada, você não tiver atacado nem sido alvo de um efeito (ataque, habilidade etc.) hostil.",1,II,,Sangue,AS,,
48,"Anel Invertido","Um anel de aparência sinistra. Parece querer se prender ao seu dedo e torná-lo mais forte para que possa observá-lo sofrer por períodos mais longos. Se estiver usando o anel, quando sofrer dano causado por um nidere, você pode gastar uma reação e 2 PE para receber RD 4d10 contra esse dano.",0.5,III,,Morte,AS,,
49,Faixas da Vidência,"Uma faixa de tecido preto com pequenas espirais gravadas em suas bordas. Esta vestimenta distorce a percepção do tempo ao redor do usuário, deixando ele mais atento a coisas próximas, mas alheio à coisas distantes. Você recebe +5 na Defesa e em testes de resistência contra ataques e habilidades que tenham origem em alcance curto de você, mas sofre –5 na Defesa e em testes de resistência contra ataques e habilidades que tenham origem além de 9m de você. Além disso, recebe +2 em Intimidação.",1,III,,Morte,AS,TRUE,+2 em Intimidação
50,"Joias da Mente",Um piercing e um brinco dourados com Sigilos de Conhecimento em toda sua extensão. Esta vestimenta fornece +2 em Diplomacia e resistência mental 10. Ela só funciona se o usuário estiver vestindo as duas peças (piercing e brinco) que contam como uma única vestimenta.,1,III,,Conhecimento,AS,TRUE,+2 em Diplomacia e resistência mental 10
51,Elmo do Colosso,"Um elmo de escafandro trabalhado em metal e imbuído com uma forte pressão eletrostática criada a partir da Energia. O Elmo é uma vestimenta que fornece resistência a dano 5. Se usado em conjunto com o resto do equipamento de escafandro, conta como um traje de mergulho (SaH, p. 44).",2,III,,Energia,AS,TRUE,Resistência a dano 5
52,Granada Ctrl+C Ctrl+V,"Uma granada de fragmentação transparente envolta por fios de cobre que parece tremeluzir e ameaçar uma explosão a cada segundo. Este item é uma granada. Para usá-lo, você precisa empunhá-lo e então gastar uma ação padrão para arremessá-lo em um ponto à sua escolha em alcance médio. Ele afeta um raio de 6m a partir do ponto de impacto, espalhando fragmentos de Energia. Seres na área sofrem 8d6 pontos de dano de Energia (Reflexos DT Agi reduz à metade). Quando esta granada explodir, role 1d4. Se o resultado for par, a explosão gera uma segunda granada idêntica que explode em outro espaço a sua escolha dentro da área de efeito da granada original. O processo se repete até a quarta explosão ou até que o d4 dê ímpar (o que acontecer primeiro).",2,I,"Reflexos, AGI",Energia,AS,,
53,"Skate Caótico","Um skate com sigilos e raios verdes em sua parte inferior. Este item tem diversas utilidades.
A primeira delas é como meio de transporte. Um personagem que saiba andar em um desses (treinado em Acrobacia, Atletismo ou Pilotagem), pode usá-lo nos pés para receber +3m de deslocamento.
A segunda é como uma arma improvisada (OPRPG, p. 57), corpo a corpo, de duas mãos (Dano 1d12 impacto; Crítico x2).
A terceira é como um escudo com uma espécie de ""consciência caótica"" dentro dele que fornece +5 na Defesa do usuário. Para modificações e maldições, considere ele apenas como uma proteção.",2,II,,Energia,AS,,
54,Tênis Lépidos,"Um par de tênis próprios para andar de skate com partes queimadas e cabos neon passando ao seu redor. Esta vestimenta fornece +12 em testes de Atletismo e +3m de deslocamento. Você pode gastar 2 PE para se mover de forma sobrenatural. Até o final do turno, você ignora terreno difícil, recebe deslocamento de escalada igual a seu deslocamento terrestre e fica imune a dano por queda de até 9m.",3,II,,Energia,AS,TRUE,+12 em testes de Atletismo e +3m de deslocamento
55,Dentadura Vampírica,"Dentes caninos removidos diretamente de um vampiro. Gastando 2 PE e uma ação padrão, você morde uma pessoa, causando 2d6 pontos de dano de perfuração e garantindo um número de pontos de vida temporários igual ao dano causado. Ao vestir este item por uma semana, você herda uma das fraquezas do vampiro que o originou.",0,II,,Sangue,Homebrew,,
56,Dinheiro Sujo,"Um maço de dinheiro coletado de maneira extremamente dúbia e marcado com pequenos símbolos paranormais de Sangue. Este é um item consumível com 2 usos. Personagens subornados com este item devem fazer um teste de Vontade contra o valor máximo que você pode tirar num teste de Diplomacia, +5. Se falhar, uma ganância extrema toma conta de sua mente e ele se torna Prestativo pelo resto da cena. Não pode ser usado em personagens Hostis.",2,II,,Sangue,Homebrew,,
57,"Máscara do Assassino Regicida","Milionários e bilionários são a escória da terra. Eles acumulam quantidades absurdas de recursos e dinheiro, deixando os ""pobres"" para morrer de fome enquanto festejam em seus iates. Mas quando o povo não tiver mais nada para comer, eles comerão os ricos. Essas são as intenções impregnadas nesta máscara feita de uma cabeça de porco decepada e esvaziada. Vestir a máscara custa uma ação de movimento e 6 de Sanidade, e você sofre 2 pontos de dano de Sanidade por rodada até removê-la. Ao vestí-la, você sofre os seguintes efeitos:
• Você recebe +20 PV, +10 PE (ambos atual e máximo) e +10 na defesa;
• Você sofre o efeito do ritual Ódio Incontrolável Discente sempre que estiver na presença de uma pessoa que você considera como rica;
• Você recebe o poder paranormal Devorar (se não o tiver) e o dano dele aumenta em 3d6 contra pessoas que você considera como ricas.",1,III,,Sangue,Homebrew,TRUE,"+20 PV, +10 PE (ambos atual e máximo) e +10 na defesa"
58,"Flecha Solitária","Uma flecha carregada de sentimentos acumulados durante uma vida solitária, onde a sobrevivência era a única coisa que importava.
Carregar esta flecha num arco ou balestra custa 2PE. Ao atirar, ela sempre acertará o alvo, contanto que esteja no alcance da arma, ignorando cobertura parcial e camuflagem. Além disso, há sempre 25% de chance de um ataque com esta flecha ser crítico (o dobro da margem de ameaça da arma é convertida em pontos de dano de Morte adicionais ao acertar um crítico com a flecha).",0.5,II,,Morte,Homebrew,,
59,Lança Teias,"Utilizando os restos recolhidos do campo de batalha onde foi derrotada uma Aracnasita, este dispositivo de pulso dispara teias de lodo de forma variada. Este item possui 5 usos. Ao usá-lo 5 vezes, ele conta como um item quebrado e você deve usar uma ação de interlúdio para repará-lo. Gastando 1 PE e uma ação padrão, você pode realizar uma das seguintes ações:
*Arpear:* faça um teste de Pontaria de DT10+2 para cada 3 metros que seu alvo está de você. O alvo é um ponto numa parede ou teto. Se passar, você agora possuí o que seria basicamente uma corda de arpéu até o lugar que atingiu.
*Prender:* faça um teste de Pontaria contra um teste de Reflexos de um ser Médio ou menor. Se você ganhar, o alvo fica Agarrado. Em cada um de seus turnos, o alvo pode usar uma ação de Movimento para fazer um teste de Atletismo com DT igual ao resultado do seu teste de Pontaria inicial, se passar, se livra da teia. Criaturas de Energia são imunes à essa habilidade.
*Laçar:* faça um teste de Pontaria de DT10+3 para cada 3 metros que seu alvo está de você. O alvo é um objeto pequeno ou menor. Se passar, você puxa o item para sua mão. Caso o item esteja sob posse de um ser e você passar no teste de Pontaria, você deverá fazer um teste oposto de Força contra o ser, se ganhar, você puxa o objeto.
Teias lançadas por esse item possuem 50 pontos de vida e são imunes a todo dano que não seja de Fogo ou Energia. Atacar as teias envolvendo um alvo transfere um terço do dano causado ao alvo em questão.
",1,II,,Morte,Homebrew,,
60,"Proteção Torácica","Uma caixa toráxica que consiste de 5 pares de costelas que podem ser vestidas por cima da roupa. Concede +10 na defesa, mas sempre que um ataque contra você que causaria dano Balístico, de Corte, de Impacto, de Perfuração, de Fogo ou de Energia erra, 2 pontos dessa defesa adicional são perdidos. Se a quantidade de pontos de defesa fornecidos pela proteção torácica chegar em 0, você se torna vulnerável a esses tipos de dano. Numa cena de interlúdio, você pode gastar uma ação para recuperar até 6 pontos de defesa perdidos, mas não pode recuperar Sanidade por nenhuma fonte nessa cena. Se despir deste item sem causar dano ao portador demanda cuidado extremo, então requer uma ação de interlúdio.",3,III,,Morte,Homebrew,TRUE,+10 de defesa
61,Mini Acelerador de Partículas,"Este pequeno objeto metálico em formato do símbolo do infinito absorve energia potencial ao se mover e a converte em ainda mais energia. Enquanto estiver o portando, você pode gastar 2PE para receber +1,5m de deslocamento temporário em cada rodada seguida que você se mover pelo menos metade de seu deslocamento total. Por exemplo, um agente que tem deslocamento de 9m se move 4,5m numa rodada, portanto, agora tem um total de 10,5m de deslocamento, e deve se mover pelo menos 6m na próxima rodada para aumentar esse valor. Ao fim da cena, ou ao fim de uma rodada que você não se moveu o suficiente, você sofre dano de Morte igual a 1 para cada 1,5m de deslocamento que você possui.",2,II,,Morte,Homebrew,,
62,Máscara do Assassino Sobrevivente,"A morte está sempre na esquina, e poucas são as formas de repeli-la. Uma delas é a alimentando, levando aqueles que merecem ao seu fim precoce, para que seu próprio fim tenha sua data adiada. Essas são as intenções impregnadas nesta máscara metálica, moldada para se encaixar num rosto, e um rosto apenas: o rosto de alguém que já viu demais.. Ao usar a máscara, você sofre os seguintes efeitos:
• Você recebe 2d10 pontos de vida temporários para cada ser que matar na cena. Esses PVs temporários somem ao fazer uma ação de interlúdio.
• Qualquer dano de Morte que você causar aumenta em 2 dados do mesmo tipo.
• Você recebe +2d20 em testes de Percepção para perceber armadilhas.
• Se você falhar no teste de Vontade da Presença Perturbadora de uma criatura paranormal, jogue 1d6. Você reduz o valor do dado em todos os testes realizados contra a criatura.",1,III,,Morte,Homebrew,TRUE,+2d20 em testes de Percepção para perceber armadilhas
63,Capa da Grande Majestade,"Um manto de tecido leve e luxuoso mas, principalmente, paranormalmente imponente. Inimigos que podem te ver sofrem -5 em testes de ataque contra você enquanto você estiver vestindo este item. Se usado em conjunto com a Coroa da Grande Majestade, inimigos sofrem um total de -7 em testes de ataque.",1,II,,Conhecimento,Homebrew,TRUE,
64,Coroa da Grande Majestade,"Esta coroa dourada e adornada com jóias raras exala uma aura de comando irresistível à pessoas comuns. Como ação completa, você se dirige a um grupo de pelo menos 5 pessoas em alcance médio num discurso exaltando sua grandeza e autoridade. Todos devem fazer um teste de Vontade contra sua DT de Presença. Todos que falharem estarão sob seu controle completo até o fim da cena (apenas não obedecem ordens suicidas) e se tornam Prestativos em relação à você até o fim da missão. Fazer essa ação custa 3 PE por alvo. O mestre pode decidir aumentar a DT do teste baseado em o quão convincente seu discurso foi. Se usado em conjunto com a Capa da Grande Majestade, a DT aumenta em 2.",1,III,"Vontade, PRE",Conhecimento,Homebrew,TRUE,"Caso o item ""Capa da Grande Majestade"" estiver sendo vestido ao mesmo tempo que essa coroa, a DT aumenta em +2"
65,Lampião do Caronte,"Um antigo lampião de prata que está sempre aceso e parece carregar em volta de si uma leve neblina. Quando perdido, você pode gastar uma ação padrão e 3 PE para fazer um teste de Ocultismo (DT 15). Se passar, o lampião projeta sua luz na direção da ""saída"" mais próxima de seu predicamento. Por exemplo, se estiver perdido em uma floresta, o lampião aponta para a civilização mais próxima. Você recebe +1d20 em seu teste de Ocultismo se estiver em alto mar.",1,II,"Ocultismo, 15",Conhecimento,Homebrew,,
66,Óculos da Consciência,"Estes óculos carregam uma tentativa desesperada de manter a vida de alguém que não existe mais. Uma transcrição completa de suas memórias e personalidade foram cuidadosamente cravadas nas lentes. Ao vestir esses óculos, você toma a personalidade e memórias da pessoa que originou este item. Você ou o mestre deve fazer uma versão alternativa de sua ficha, com os parâmetros da outra pessoa. Apenas aspectos mentais podem mudar, como os atributos de Intelecto e Presença, perícias baseadas neles, etc. Ao remover os óculos, você deve fazer um teste de Vontade contra a DT de Presença da consciência presa nos óculos, se falhar, sofre 3d6 pontos de dano Mental que ignora resistência conforme a pessoa tenta clamar seu corpo para si. Passar no teste reduz o dano pela metade. Chegar à 0 de Sanidade através desse dano faz com que a outra consciência tome conta permanentemente. Existem histórias que dizem que consciências presas nestes óculos tendem a se corromper com o tempo, conforme a existência incorpórea que a assola a leva à loucura.",0.5,III,"Vontade, PRE",Conhecimento,Homebrew,,
67,Tomo dos Sussurros,"Um velho livro com capa de couro que parece sussurrar palavras inteligíveis à todo momento. Você pode gastar 5 PE para abrí-lo em uma página qualquer enquanto mentaliza uma pessoa em específico. A página, então, se preenche com informações sobre a pessoa escolhida, te dando conhecimento quase completo sobre o alvo. Após isso, o tomo se torna impossível de ser aberto até entrar em alcance curto do alvo. Ao entrar dentro desse alcance, você sofre o ritual Sussurros Ensurdecedores (DT20 para resistir) até se afastar. Sempre que se aproxima novamente, o ritual volta a ter efeito (você tem direito a apenas um teste de resistência contra esse efeito por dia).",1,IV,,Conhecimento,Homebrew,,
68,A Chave Mestra,"Uma pequena chave dourada coberta de sigilos e com a ponta extremamente complicada.
Você pode gastar uma ação de interlúdio e 10 PE para marcar uma porta de tamanho médio ou maior a qual tenha acesso. Se a porta puder ser trancada, você deve possuir uma cópia da chave dela. Ao inserir a chave em uma porta marcada e abri-la, enquanto mentaliza uma porta também marcada, seu destino se torna a porta mentalizada. Você pode ter um número de portas marcadas igual ao seu Intelecto.
Este é um item único.","0,5",III,,Energia,Homebrew,,
69,"Aparato de Criação de Fendas Intradimensionais (A.C.F.I.)","Criado por um cientista paranormal desconhecido, este objeto no formato do que lembra uma arma de fogo coberta de adições tecnológicas é capaz de criar duas fendas ligadas entre si na realidade. Enquanto incomum, alguns que atravessam uma dessas fendas, nunca saem do outro lado… Ou talvez, seja lá mesmo que eles vão parar.
Enquanto estiver empunhando o A.C.F.I., você pode gastar uma ação padrão e 5 PE para criar uma fenda numa superfície. A fenda é grande o suficiente para que seres médios ou menores a atravessem, e a superfície deve ser lisa e grande o suficiente para suportá-la, além de estar em alcance médio de você, num lugar que possa ver e que um ser minúsculo poderia alcançar (não pode alcançar através de vidro, por exemplo).
Essa fenda não pode ser atravessada ainda, para isso, você deve, na mesma cena, gastar mais uma ação padrão para criar uma segunda fenda, que deve estar em alcance médio da primeira. Uma fenda é dissipada se for a primeira e você não criar uma segunda até o fim da cena ou se você se afastar dela mais que alcance médio (mesmo se não estiver portando o A.C.I.F.).
Em caso de uma fenda ser dissipada e outra se manter ativa, você tem até o fim da cena para gastar uma ação padrão e 5 PE para criar uma nova. Se você ativar o A.C.I.F. enquanto duas fendas estão ativas, você escolhe qual das anteriores será dissipada (pode escolher dissipar ambas), contanto que a nova esteja em alcance médio da restante.
Atravessar uma fenda para sair na outra causa um leve sentimento de desconforto, como se seu corpo brevemente visitasse um lugar que não deveria. Quando um ser atravessa uma fenda, o mestre deve jogar 1d100, se o resultado for 1, o ser é transportado para o interior de uma Anomalia.",2,IV,,Energia,Homebrew,,
70,"Armadura Robótica Inteligente","Uma armadura metálica que cobre o corpo todo e possui diversos aparatos robóticos acoplados. Quando pega este item, escolha um tipo entre Robusta, Esguia ou Mística:
• *Robusta:* A armadura fornece os benefícios de uma proteção pesada, além de +30 PV, +1 na Força e RD 10. Além disso, gastando uma ação padrão, você ativa uma arma energética poderosa pelo resto da cena. É uma arma corpo a corpo tática de duas mãos que causa 4d12 pontos de dano de Energia e tem crítico 18/x3. Enquanto esta arma estiver ativada, você recebe +10 em testes de ataque, mas se torna vulnerável a dano Balístico, de Corte, de Impacto e de Perfuração.
• *Esguia:* A armadura fornece os benefícios de uma proteção leve, além de, +1 na Agilidade e +15 em Reflexos. Além disso, gastando uma ação padrão, você ativa uma arma energética poderosa pelo resto da cena. É uma arma de fogo tática de duas mãos que causa 3d10 pontos de dano de Energia em alcance Médio e tem crítico 18x2. Enquanto esta arma estiver ativada, você recebe +10 em testes de ataque, mas se torna vulnerável a dano Balístico, de Corte, de Impacto e de Perfuração.
• *Mística:* A armadura fornece os benefícios de um Catalisador Ritualístico de Energia à sua escolha em todos os rituais desse elemento que conjurar enquanto a vestir, além de +1 na Presença e no Intelecto. Além disso, usando uma ação padrão, você ativa um campo protetor ao seu redor. Seres adjacentes a você devem fazer um teste de resistência de Fortitude (DT Pre) por rodada, se falharem, sofrem 4d10 pontos de dano de Energia e são arremessados 3m para longe de você (+1,5m se falharem por mais de 5, 3m se falharem por mais de 10, e assim vai). Enquanto este campo estiver ativado, você recebe RD 30 contra ataques em alcance médio ou mais longe, mas se torna vulnerável a dano de ataques em alcance curto ou adjacente (ambos apenas dano Balístico, de Corte, de Impacto e de Perfuração).
Esta armadura leva uma ação de Interlúdio para vestir ou remover, e passa a pesar 0 quando você está a vestindo.",7,IV,,Energia,Homebrew,,
71,Cubo Incompreensível,"Um cubo metálico semelhante a um cubo mágico que, de forma incompreensível, pode ser rotacionado em todas as direções e constantemente muda sua forma geométrica. Este item conta como um ingrediente ritualístico de Energia. Rituais de Energia conjurados com este item empunhado tem sua natureza caótica intensificada. Qualquer ritual que tenha um efeito que inclua um número fixo tem seu efeito alterado para um dado com uma quantidade de lados igual ao dobro do efeito original +1, com o maior resultado representando 0. Por exemplo, normalmente o ritual de Coincidência Forçada em sua forma base fornece +2 em todos os testes de perícia. Ao conjurá-lo através do cubo, seu efeito muda. Você rola 1d5. Se o resultado for entre 1 e 4, o bônus muda para o resultado do dado, portanto, se o resultado do dado for 3, você recebe +3 em todos os testes de perícia. Se o resultado for 5, porém, o bônus se torna 0, ou seja, o ritual essencialmente falha. Esta mudança se aplica a qualquer número fixo em um ritual (incluindo quantidades de dados, mas não seu tipo), exemplos são a quantidade de modificações que o ritual Amaldiçoar Tecnologia fornece, bem como os bônus fornecidos pelas modificações, a quantidade de laços criados pelo ritual Contenção Fantasmagórica, etc.",1,III,,Energia,Homebrew,,
72,Kamikaze,"Um leve colete metálico que pode ser vestido por baixo da roupa. Ele fornece +2 na Defesa. Além disso, uma única vez, você pode gastar uma ação padrão para conjurar o ritual Deflagração de Energia sem custo. O ritual é conjurado normalmente em sua forma base, porém, você sofre todo o dano causado pelo ritual, sem direito à teste de resistência.",1,II,,Energia,Homebrew,TRUE,+2 de defesa
73,O Coringa,"Uma carta de baralho que é confortavelmente escondida em sua manga. Usando uma ação de movimento, você puxa a carta de sua manga e a conta uma piada. O mestre decide se a carta achou a piada engraçada e, se achou, jogue um d2 e um d4. O resultado do d4 define o naipe do efeito, entre 1) Espadas, 2) Copas, 3) Ouros e 4) Paus, enquanto o d2 define se o efeito será 1) Positivo ou 2) Negativo para o alvo. O alvo é decidido aleatóriamente entre todas as criaturas em alcance curto, incluindo você. Os efeitos dos naipes são:
– *Espadas:* alvo causa +1d20 pontos de dano de Energia em seu próximo ataque ou sofre 1d20 pontos de dano de energia que ignora resistência.
– *Copas:* alvo recupera 1d20 pontos de vida ou converte o dano de seu próximo ataque em pontos de vida para seu alvo.
– *Ouros*: alvo recupera 1d20 PE ou perde 1d20 PE.
– *Paus:* alvo tem vantagem em todos os testes até o fim da cena ou tem desvantagem até o fim da cena.
Alternativamente, jogue um d2 e pegue uma carta de um baralho embaralhado, e olhe o naipe da carta sacada.",0.25,II,,Energia,Homebrew,,
74,Máscara do Assassino Purificador,"Humanos são seres podres, imundos. Uma corrupção doente tomou as almas de todos os que não percebem o quanto aqueles em sua volta são corroídos. Cabe a você limpá-los, custe o que custar. Essas são as intenções impregnadas nessa máscara semelhante a uma máscara de respiração que se conecta a um tanque cheio de produtos tóxicos e ácidos. Vestir a máscara custa uma ação de movimento e 6 de Sanidade, e você sofre 2 pontos de dano de Sanidade por rodada até removê-la. Ao vestí-la, você sofre os seguintes efeitos:
• Você recebe +20 PV, +10 PE (ambos atual e máximo) e +10 na defesa;
• Você recebe +2d20 em testes de ataque contra alvos que sofreram dano químico nesta cena.
• Todos os seus ataques causam +4d6 pontos de dano Químico adicionais.
• Você recebe os efeitos de uma máscara de gás e um traje de mergulho.",1,III,,Energia,Homebrew,TRUE,"+20 PV, +10 PE (ambos atual e máximo) e +10 na defesa"
75,Troféu Macabro,"Uma lembrança de uma vítima, mantida por seu assassino durante os anos. Os sentimentos nos últimos momentos de vida dessa vítima se impregnaram neste item, que pode ser qualquer coisa (uma peça de bijuteria, um pertence importante, um órgão, etc). Se você for o responsável pela morte da pessoa que originou este item, ao empunhar este item você é tomado por um orgulho e confiança extremas, te garantindo +2d20 em todos os testes, porém, sempre que falhar um teste, você sofre 2d6 pontos de dano de Medo.
Se você não for o assassino, ao invés disso, você é acometido pelo desespero guardado neste item. Você recebe +2d20 em testes durante cenas de Perseguição e Furtividade, porém, se tiver sua Sanidade reduzida à 0, deve obrigatoriamente se entregar para o medo.
Empunhar este item causa 1 ponto de dano de Sanidade por rodada.",1,II,,Medo,Homebrew,,